AM Leiloeiro,Apartamento,"R$ 1.394.066,77",https://www.amleiloeiro.com.br/externo/lote/2307,"Apartamento nº 1301 no 16º pavimento do Edifício San German, situado na Rua Padre Ildefonso nº 280, com área construída privativa de 231,12 m², área comum de 50,803478 m², área construída global de 281,92 m², com as demais características constantes na Matrícula nº 29.838 da 6ª Circunscrição do Registro de Imóveis de Curitiba; IF 01.101.001. Autos: 0000530-22.2019.8.16.0194 - 24ª VARA CÍVEL DE CURITIBA/PR"
AM Leiloeiro,Apartamento,"R$ 1.663.145,10",https://www.amleiloeiro.com.br/externo/lote/2308,"APARTAMENTO nº 1 no 1º andar do Edifício Maria Teresa Heuer, situado na Avenida Sete de Setembro nº 3710, Centro, nesta Capital, com área construída privativa de 276,69 m², área comum de 124,22 m², área de garagem dupla com 55,86 m² e área construída global de 456,77 m², com as demais características constantes na Matrícula nº 21.255 da 5ª Circunscrição do Registro de Imóveis de Curitiba; IF 21.014.033; idade: 33 anos. Autos: 0004002-86.2013.8.16.0179 - ETE - 24ª VARA CÍVEL DE CURITIBA/PR"
AM Leiloeiro,Comercial,"R$ 220.000,00",https://www.amleiloeiro.com.br/externo/lote/1043,"Sala comercial sob nº 152, com área privativa de 20,27 m², localizada no 15º andar ou pavimento no Edifício Champagnat Offices, sito as Rua Capitão Souza Franco nº 881, Curitiba/PR. Ao referido conjunto está vinculado o direito ao uso exclusivo de terreno descoberto com 1,96m². Matrícla imobiliária do 1º CRI de Curitiba nº 39.436. Em conjunto com a sala, 01 (uma) Vaga de garagem B-10, com capacidade para veículos de porte médio, com área real respectiva de 10,00 m², localizada no subsolo do respectivo condomínio. Matrícla imobiliária do 1º CRI de Curitiba nº 47.840. Condomínio da sala e garagem em torno de R$ 450,00."
Topo Leilões,Residencial,"R$ 193.000,00",https://topoleiloes.com.br/lote/5409/apartamento-e-vaga-residencial-suina-ii-rua-lothario-boutin-111-pinheirinho,"LOTE , localizado no 3º pavimento ou 2º andar, do bloco 5, do Conjunto Residencial Suinã II, com área construída de 75,4565m², e área privativa de 65,10m², área útil de 56,94m², área de uso comum de 10,3565 m², fração ideal do solo de 0,009580% ou 58,9192m², constituído de 03 dormitórios, sala estar/jantar, cozinha, um banheiro social, área de serviço e circulação, com demais características na Matrícula nº 77.069, do 8º Registro de Imóveis de Curitiba.  , do tipo A, localizada no subsolo, do bloco 5, do Conjunto Residencial Suinã II, com a área construída de 14,1366m², área privativa de 12,50m², área de uso comum de 1,6366m², com demais características na Matrícula nº 77.070, do 8º Registro de Imóveis de Curitiba.   Rua Lothário Boutin nº 111, Conjunto Residencial Suinã II, bairro Pinheirinho, em Curitiba/PR."
Topo Leilões,Apartamento,"R$ 205.700,00",https://topoleiloes.com.br/lote/5404/apartamento-com-vaga-condominio-siena-vi-rua-theodoro-makiolka-1331-santa-candida,"LOTE  Apartamento nº 5, do bloco E, localizado no primeiro pavimento ou andar térreo, do Condomínio Siena VI, em Curitiba/PR, com área construída exclusiva de 57,76m², área construída comum de 0,90m², perfazendo a área construída global de 58,66m², com as demais características na Matrícula nº 89.494, do 9º Registro de Imóveis de Curitiba. Indicação Fiscal nº 96.034.017.008-6.   Rua Theodoro Makiolka, 1331, Santa Cândida, em Curitiba/PR.  R$205.665,13 em julho/2021."
Topo Leilões,Não Identificado,"R$ 130.000,00",https://topoleiloes.com.br/lote/5423/apartamento-com-vaga-residencial-marechal-rondon-cic,
Topo Leilões,Não Identificado,"R$ 63.000,00",https://topoleiloes.com.br/lote/5437/apartamento-21-com-vaga-edificio-balian-av-euzebio-de-queiroz-sn-em-ponta-grossa,
Topo Leilões,Terreno,"R$ 2.566.127,82",https://topoleiloes.com.br/lote/5455/sala-com-vagas-centro-empresarial-adam-smith-rua-comendador-araujo-510-centro,"LOTE 2 :  Sala nº 1901 , situada no 19º pavimento ou 17º andar, do Edifício Francisco Victor Machado - Centro Empresarial Adam Smith, situado na Rua Comendador Araújo nº 510, em Curitiba/PR, com a área privativa de 332,08m², área comum de 95,4855m², área total construída de 427,5655m², cabendo-lhe uma fração ideal de solo pela área equivalente de 0,0426012 e quota de terreno de 50,47479m², com direito de uso exclusivo do terraço aberto com 217,80m², localizado no ático, registrado sob a Matrícula nº 70.804, do 6º Registro de Imóveis de Curitiba. Indicação Fiscal nº 11.135.039.071-2.  :   Avaliação: R$ Vaga de garagem nº 104 (vaga livre, dividida em duas vagas) , registrada sob a Matrícula nº 55.672, do 6º Registro de Imóveis de Curitiba, situada no subsolo 3, do Edifício Francisco Victor Machado - Centro Empresarial Adam Smith, situado na Rua Comendador Araújo nº 510, em Curitiba/PR. Avaliação: R$58.824,44 (cinquenta e oito mil, oitocentos e vinte e quatro reais e quarenta e quatro centavos).  , registrada sob a Matrícula nº 70.814, do 6º Registro de Imóveis de Curitiba, situada no subsolo 3, do Edifício Francisco Victor Machado - Centro Empresarial Adam Smith, situado na Rua Comendador Araújo nº 510, em Curitiba/PR. Avaliação: R$51.151,69 (cinquenta e um mil, cento e cinquenta e um reais e sessenta e nove centavos).  , registrada sob a Matrícula nº 55.674, do 6º Registro de Imóveis de Curitiba, situada no subsolo 3, do Edifício Francisco Victor Machado - Centro Empresarial Adam Smith, situado na Rua Comendador Araújo nº 510, em Curitiba/PR. Avaliação: R$51.151,69 (cinquenta e um mil, cento e cinquenta e um reais e sessenta e nove centavos).  : R$2.566.127,82 (dois milhões quinhentos e sessenta e seis mil cento e vinte e sete reais e oitenta e dois centavos)."
Topo Leilões,Prédio,"R$ 292.450,00",https://topoleiloes.com.br/lote/5322/conjunto-n-11-edificio-real-madrid-rua-da-gloria-393-centro-civico,"LOTE  Conjunto nº 11 (onze), com a área privativa de 64,87m², área comum de 49,13m² e a área total de 114,00m², localizado no 1º andar ou 3º pavimento do Edifício Real Madrid, situado à Rua da Glória nº 393, em Curitiba/PR, e a fração ideal de 0,04933 ou 25,20m² que lhe corresponde nas partes comuns e no terreno onde o aludido prédio está construído, com as demais características na Matrícula nº 30.006, do 2º Registro de Imóveis de Curitiba.   Rua da Glória nº 393, conjunto 11, Centro Cívico, em Curitiba/PR."
Topo Leilões,Loja,"R$ 3.672.303,38",https://topoleiloes.com.br/lote/5456/loja-com-vagas-centro-empresarial-adam-smith-rua-comendador-araujo-510-centro,"LOTE 1 :  Loja nº 1 , situada no 1º pavimento ou térreo do Edifício Francisco Machado - Centro Empresarial Adam Smith, situado  na Rua Comendador Araújo nº 500 e nº 510, em Curitiba/PR, registrado sob a Matrícula nº 55.603, do 6º Registro de Imóveis de Curitiba, com  Avaliação: R$ .  , registrada sob a Matrícula nº 55.688, do 6º Registro de Imóveis de Curitiba, situada no subsolo 3, do Edifício Francisco Victor Machado - Centro Empresarial Adam Smith, situado na Rua Comendador Araújo nº 510, em Curitiba/PR. Avaliação: R$51.151,69 (cinquenta e um mil, cento e cinquenta e um reais e sessenta e nove centavos).  , registrada sob a Matrícula nº 55.689, do 6º Registro de Imóveis de Curitiba, situada no subsolo 3, do Edifício Francisco Victor Machado - Centro Empresarial Adam Smith, situado na Rua Comendador Araújo nº 510, em Curitiba/PR. Avaliação: R$51.151,69 (cinquenta e um mil, cento e cinquenta e um reais e sessenta e nove centavos).  : R$3.672.303,38 (três milhões seiscentos e setenta e dois mil, trezentos e três reais e trinta e oito centavos)."
Topo Leilões,Não Identificado,"R$ 63.000,00",https://topoleiloes.com.br/lote/5436/apartamento-22-com-vaga-edificio-balian-av-euzebio-de-queiroz-sn-em-ponta-grossa,
Topo Leilões,Apartamento,"R$ 169.700,00",https://topoleiloes.com.br/lote/5441/apartamento-com-vaga-residencial-barcelona-rua-leonardo-krasinski-1143-boa-vista,"LOTE  Apartamento nº 01, localizado no Edifício Residencial Barcelona, em Curitiba/PR, localizado no térreo, com direito de uso exclusivo da vaga de garagem descoberta nº 01, tem a seguinte discriminação de áreas e fração ideal do solo: área construída privativa de 44,82m², área construída de uso comum de 6,8850m², área construída total de 51,7050m², fração ideal do solo de 0,100000, quota de terreno total de 101,9710m², direito de uso da área de recreação descoberta localizada no térreo de 15,2680m², com as demais características na Matrícula nº 82.535, da 9ª Circunscrição do Registro de Imóveis de Curitiba/PR. Indicação Municipal sob o nº 94-007-029.000.   Rua Leonardo Krasinski nº 1143, Residencial Barcelona, apartamento nº 1 e vaga nº 1, bairro Boa Vista, em Curitiba/PR.  R$169.667,02 em agosto/2021 (mov. 157.3)."
Topo Leilões,Não Identificado,"R$ 1.073.800,00",https://topoleiloes.com.br/lote/5362/apartamento-com-4-vagas-edificio-maison-fontainebleau-av-visconde-de-guarapuava-5047-batel,
Topo Leilões,Não Identificado,"R$ 19.000,00",https://topoleiloes.com.br/lote/5301/loja-comercial-n-114-edificio-capital-torre-centro-rua-conselheiro-laurindo-600-centro,"AQUISIÇÃO PARCELADA:  Fica autorizada,  por ocasião do primeiro leilão e tão somente nele , iguais, consecutivas e atualizadas pelos índices da caderneta de poupança,  , em dinheiro, sendo o restante garantido por hipoteca sobre o próprio imóvel. O não pagamento de qualquer parcela implicará no vencimento antecipado das demais, com incidência de multa de 10% sobre a soma das parcelas inadimplidas com as parcelas vincendas, facultando-se ao exequente a opção entre a resolução da arrematação ou execução do valor devido.  O lance parcelado deverá ser ofertado de forma eletrônica através do auditório virtual do leiloeiro. Caberá ao arrematante a atualização monetária das parcelas, a emissão das respectivas guias de depósitos judiciais em continuação ao depósito do sinal, bem como, no prazo máximo de 03 (três) dias após o vencimento de cada parcela, protocolar em juízo os comprovantes de pagamento. A proposta de pagamento do lance à vista sempre prevalecerá sobre a proposta de pagamento parcelado. Havendo disputa entre os lances parcelados prevalecerá sempre o de maior valor."
Topo Leilões,Não Identificado,"R$ 67.252,43",https://topoleiloes.com.br/lote/5428/loja-comercial-n-49-condominio-edificio-carajas-i-avenida-sete-de-setembro-3146,
Topo Leilões,Não Identificado,"R$ 71.980,80",https://topoleiloes.com.br/lote/5429/loja-comercial-n-50-condominio-edificio-carajas-i-avenida-sete-de-setembro-3146,
Topo Leilões,Não Identificado,"R$ 300.000,00",https://topoleiloes.com.br/lote/5431/lote-de-terreno-com-benfeitorias-rua-hugo-gusso-86,
Topo Leilões,Terreno,"R$ 2.511.100,00",https://topoleiloes.com.br/lote/5410/terreno-urbano-com-area-total-de-260612m-rua-rosa-ceronato-durigan-478-cascatinha,"LOTE  Lote de terreno nº 9, da quadra nº 31, do setor 37 da planta Alphavile, situada no Distrito de Santa Felicidade, em Curitiba/PR, medindo 43,00 metros de frente para a Rua Jornalista Aristides Merhy (atual Rua Rosa Ceronato Durigan), do lado direito de quem da Rua olha o imóvel, numa extensão de 52,50 metros, limita com o lote 10, e do outro lado esquerdo mede 85,00 metros e na linha de fundos mede 16,00 metros, perfazendo área total de 2.606,12m², sem benfeitorias. Matrícula nº 49.779, do 9º Registro de Imóveis de Curitiba/PR. Indicação Fiscal: 37.031.001.000-9.   Rua Rosa Ceronato Durigan, 478, bairro Cascatinha, em Curitiba/PR.  R$2.511.070,31 em julho/2021."
Topo Leilões,Comercial,"R$ 218.427,93",https://topoleiloes.com.br/lote/5449/lance-parcelado-terreno-rua-engenheiro-durval-eduardo-p-de-carvalho-botiatuvinha,"DESCRIÇÃO DO BEM:    IMÓVEL: Lote de terreno nº 5-D, subdivisão do lote de terreno nº 05, da Planta Bortolo Dallastella, situado no lugar Botiatuvinha, distrito de Santa Felicidade, em Curitiba/PR, medido 12,66 metros de frente para uma rua particular, atual Rua Engenheiro Durval Eduardo P. de Carvalho, por 44,00 metros de extensão da frente aos fundos em ambos os lados, confrontando-se pelo lado direito de quem da rua olha o imóvel com o lote de indicação fiscal nº 79.034.018.000 de propriedade de Guerino Casagrande, pelo lado esquerdo confronta-se com lote de indicação fiscal nº 79.034.020.000 de propriedade de Guerino Casagrande, tendo de largo na linha de fundos 11,33 metros, onde confronta-se com o lote de indicação fiscal nº 79.034.002.000 de propriedade de João dos Santos. Matrícula nº 54.453, do 9º Registro de Imóveis de Curitiba/PR. Indicação Fiscal nº 79.034.019.000-3.   Atualmente o imóvel apresenta área ligeiramente inferior à indicada na matrícula imobiliária, com aproximadamente 10,00 metros de frente para a Rua Engenheiro Durval Eduardo P. de Carvalho, 33,00 metros da frente aos fundos pelo lado direito de quem da rua olha o imóvel, 32,00 metros da frente aos fundos pelo lado esquerdo, e na linha de fundos 9,00 metros, perfazendo a área total de aproximadamente 308,00m².  BENFEITORIAS: não possui benfeitorias com valor comercial.  LOCALIZAÇÃO:  Rua Engenheiro Durval Eduardo P. de Carvalho , nº 226, bairro Butiatuvinha, em Curitiba/PR. AVALIAÇÃO:  R$215.000,00 em maio/2021 (mov. 43.2) R$ 218.427,93  em agosto/2021 (mov. 73.2). DA FORMA E CONDIÇÕES DE PAGAMENTO: A arrematação far-se-á com dinheiro preferencialmente à vista, com possibilidade de parcelamento.  Na hipótese do lance para pagamento parcelado ser superior ao lance para pagamento à vista, deverá o Sr. Leiloeiro consultar o juízo para análise daquele que será considerado vencedor. a) À VISTA:  Ao optar pelo pagamento à vista do valor do lance, o arrematante, no ato da arrematação, deverá efetuar, diretamente ao leiloeiro ou mediante guia judicial, o pagamento da integralidade do valor do lance.  b) PARCELADO : Ao optar pelo pagamento parcelado, o licitante, no ato da arrematação deverá efetuar, diretamente ao leiloeiro ou mediante guia judicial, o pagamento do valor mínimo correspondente a 25% (vinte e cinco) do valor da arrematação, quitando o valor remanescente em,   (art. 895, §1º, do Código de Processo Civil) iguais, mensais e sucessivas, vencíveis a cada 30 (trinta) dias corridos, contados da data da arrematação, e atualizadas mensalmente ( ) pela média do INPC/IGP-DI, que deverão ser pagas mediante guia de depósito judicial vinculada aos autos a que se refere o bem arrematado. Caso o vencimento de alguma parcela recaia em final de semana ou feriado, o mesmo ficará automaticamente prorrogado para o primeiro dia útil subsequente. A arrematação de bem imóvel mediante pagamento parcelado do valor da arrematação, nos termos previstos neste edital, será garantida por hipoteca gravada sobre o próprio imóvel arrematado,  ficando o arrematante como fiel depositário do bem a partir da expedição de carta de arrematação, quando o arrematante passará a arcar com todos os custos do imóvel arrematado (taxas de condomínio, IPTU, ITR, despesas com manutenção, dentre outros)."
Topo Leilões,Comercial,"R$ 218.427,93",https://topoleiloes.com.br/lote/5448/lance-a-vista-terreno-rua-engenheiro-durval-eduardo-p-de-carvalho-botiatuvinha,"DESCRIÇÃO DO BEM:    IMÓVEL: Lote de terreno nº 5-D, subdivisão do lote de terreno nº 05, da Planta Bortolo Dallastella, situado no lugar Botiatuvinha, distrito de Santa Felicidade, em Curitiba/PR, medido 12,66 metros de frente para uma rua particular, atual Rua Engenheiro Durval Eduardo P. de Carvalho, por 44,00 metros de extensão da frente aos fundos em ambos os lados, confrontando-se pelo lado direito de quem da rua olha o imóvel com o lote de indicação fiscal nº 79.034.018.000 de propriedade de Guerino Casagrande, pelo lado esquerdo confronta-se com lote de indicação fiscal nº 79.034.020.000 de propriedade de Guerino Casagrande, tendo de largo na linha de fundos 11,33 metros, onde confronta-se com o lote de indicação fiscal nº 79.034.002.000 de propriedade de João dos Santos. Matrícula nº 54.453, do 9º Registro de Imóveis de Curitiba/PR. Indicação Fiscal nº 79.034.019.000-3.   Atualmente o imóvel apresenta área ligeiramente inferior à indicada na matrícula imobiliária, com aproximadamente 10,00 metros de frente para a Rua Engenheiro Durval Eduardo P. de Carvalho, 33,00 metros da frente aos fundos pelo lado direito de quem da rua olha o imóvel, 32,00 metros da frente aos fundos pelo lado esquerdo, e na linha de fundos 9,00 metros, perfazendo a área total de aproximadamente 308,00m².  BENFEITORIAS: não possui benfeitorias com valor comercial.  LOCALIZAÇÃO:  Rua Engenheiro Durval Eduardo P. de Carvalho , nº 226, bairro Butiatuvinha, em Curitiba/PR. AVALIAÇÃO:  R$215.000,00 em maio/2021 (mov. 43.2) R$ 218.427,93  em agosto/2021 (mov. 73.2). DA FORMA E CONDIÇÕES DE PAGAMENTO: A arrematação far-se-á com dinheiro preferencialmente à vista, com possibilidade de parcelamento.  Na hipótese do lance para pagamento parcelado ser superior ao lance para pagamento à vista, deverá o Sr. Leiloeiro consultar o juízo para análise daquele que será considerado vencedor. a) À VISTA:  Ao optar pelo pagamento à vista do valor do lance, o arrematante, no ato da arrematação, deverá efetuar, diretamente ao leiloeiro ou mediante guia judicial, o pagamento da integralidade do valor do lance.  b) PARCELADO : Ao optar pelo pagamento parcelado, o licitante, no ato da arrematação deverá efetuar, diretamente ao leiloeiro ou mediante guia judicial, o pagamento do valor mínimo correspondente a 25% (vinte e cinco) do valor da arrematação, quitando o valor remanescente em,   (art. 895, §1º, do Código de Processo Civil) iguais, mensais e sucessivas, vencíveis a cada 30 (trinta) dias corridos, contados da data da arrematação, e atualizadas mensalmente ( ) pela média do INPC/IGP-DI, que deverão ser pagas mediante guia de depósito judicial vinculada aos autos a que se refere o bem arrematado. Caso o vencimento de alguma parcela recaia em final de semana ou feriado, o mesmo ficará automaticamente prorrogado para o primeiro dia útil subsequente. A arrematação de bem imóvel mediante pagamento parcelado do valor da arrematação, nos termos previstos neste edital, será garantida por hipoteca gravada sobre o próprio imóvel arrematado,  ficando o arrematante como fiel depositário do bem a partir da expedição de carta de arrematação, quando o arrematante passará a arcar com todos os custos do imóvel arrematado (taxas de condomínio, IPTU, ITR, despesas com manutenção, dentre outros)."
Topo Leilões,Loja,"R$ 19.000,00",https://topoleiloes.com.br/lote/5306/loja-comercial-n-106-edificio-capital-torre-centro-rua-conselheiro-laurindo-600-centro,"LOTE:  Loja nº 106, localizada na praça de alimentação, ou 5º pavimento, do Edifício Capital Torre Centro, sito na Praça Senador Corrêa e Rua Conselheiro Laurindo, em Curitiba, com a área privativa de 9,00m², área construída de uso comum de 13,1506m², área construída total de 22.1506m². Matrícula nº 74.211, do 4º Registro de Imóveis de Curitiba/PR. Indicação Fiscal nº 12.065.028.108-8.    LOCALIZAÇÃO:  Rua Conselheiro Laurindo nº 600, Edifício Capital Torre Centro, loja nº 106, Centro, em Curitiba/PR – CEP 80060-100. AVALIAÇÃO:  38.000,00 em março/2021 AQUISIÇÃO PARCELADA:  Fica autorizada,  por ocasião do primeiro leilão e tão somente nele , iguais, consecutivas e atualizadas pelos índices da caderneta de poupança,  , em dinheiro, sendo o restante garantido por hipoteca sobre o próprio imóvel. O não pagamento de qualquer parcela implicará no vencimento antecipado das demais, com incidência de multa de 10% sobre a soma das parcelas inadimplidas com as parcelas vincendas, facultando-se ao exequente a opção entre a resolução da arrematação ou execução do valor devido.  O lance parcelado deverá ser ofertado de forma eletrônica através do auditório virtual do leiloeiro. Caberá ao arrematante a atualização monetária das parcelas, a emissão das respectivas guias de depósitos judiciais em continuação ao depósito do sinal, bem como, no prazo máximo de 03 (três) dias após o vencimento de cada parcela, protocolar em juízo os comprovantes de pagamento. A proposta de pagamento do lance à vista sempre prevalecerá sobre a proposta de pagamento parcelado. Havendo disputa entre os lances parcelados prevalecerá sempre o de maior valor."
Topo Leilões,Comercial,"R$ 80.971,13",https://topoleiloes.com.br/lote/5453/lance-parcelado-terreno-com-casa-rua-exp-ernesto-goncalvesrua-mahatma-gandhi-233-xaxim,"DESCRIÇÃO DO BEM:    IMÓVEL: Lote nº 09, da quadra nº 38, da planta Jardim Europa, em Curitiba/PR, medindo 3,50 metros de frente para a Rua Itália e 21,50 metros pelos fundos confrontando com o lote n 12, e 50,00 metros da frente aos fundos pelo lado esquerdo de quem da rua olha o imóvel, confrontando com o lote nº 08, pelo lado direito, confrontando com o Ribeirão dos Padilhas na extensão de 26,00 metros e 32,00 metros do Ribeirão dos Padilhas até a linha de fundos, confrontando com uma rua projetada sem denominação, perfazendo a área total de 928,00m²­­ , de forma irregular, demais características constantes na matrícula nº 20.215 do 8º Registro de Imóveis e Curitiba/PR. Indicação Fiscal nº 81.282.009.000-0.   Contém uma residência construída de forma irregular em área de Preservação Permanente – APP, conforme informado na Guia Amarela, estando, ainda, referida construção fora dos limites determinados pela Lei Federal nº 12.651/2012, art. 4º, inciso I, alínea a. Por estas razões, a benfeitoria não possui valor comercial.   Na matrícula imobiliária consta que o imóvel possui a área total de 928,00m², contudo, a maior parte desta área encontra-se sobreposta ao córrego Ribeirão dos Padilhas, fazendo com que a área útil total do lote de terreno seja de aproximadamente 310,00m².   Rua Exp. Ernesto Gonçalves/Rua Mahatma Gandhi, nº 233, bairro Xaxim, em Curitiba/PR. AVALIAÇÃO:  R$78.000,00 em abril/2021 (mov. 54.1) R$ 80.971,13 em agosto/2021 (mov. 104.2). DA FORMA E CONDIÇÕES DE PAGAMENTO: A arrematação far-se-á com dinheiro preferencialmente à vista, com possibilidade de parcelamento.  Na hipótese do lance para pagamento parcelado ser superior ao lance para pagamento à vista, deverá o Sr. Leiloeiro consultar o juízo para análise daquele que será considerado vencedor. a) À VISTA:  Ao optar pelo pagamento à vista do valor do lance, o arrematante, no ato da arrematação, deverá efetuar, diretamente ao leiloeiro ou mediante guia judicial, o pagamento da integralidade do valor do lance.  b) PARCELADO : Ao optar pelo pagamento parcelado, o licitante, no ato da arrematação deverá efetuar, diretamente ao leiloeiro ou mediante guia judicial, o pagamento do valor mínimo correspondente a 25% (vinte e cinco) do valor da arrematação, quitando o valor remanescente em,   (art. 895, §1º, do Código de Processo Civil) iguais, mensais e sucessivas, vencíveis a cada 30 (trinta) dias corridos, contados da data da arrematação, e atualizadas mensalmente ( ) pela média do INPC/IGP-DI, que deverão ser pagas mediante guia de depósito judicial vinculada aos autos a que se refere o bem arrematado. Caso o vencimento de alguma parcela recaia em final de semana ou feriado, o mesmo ficará automaticamente prorrogado para o primeiro dia útil subsequente. A arrematação de bem imóvel mediante pagamento parcelado do valor da arrematação, nos termos previstos neste edital, será garantida por hipoteca gravada sobre o próprio imóvel arrematado,  ficando o arrematante como fiel depositário do bem a partir da expedição de carta de arrematação, quando o arrematante passará a arcar com todos os custos do imóvel arrematado (taxas de condomínio, IPTU, ITR, despesas com manutenção, dentre outros)."
Topo Leilões,Comercial,"R$ 80.971,13",https://topoleiloes.com.br/lote/5452/lance-a-vista-terreno-com-casa-rua-exp-ernesto-goncalvesrua-mahatma-gandhi-233-xaxim,"DESCRIÇÃO DO BEM:    IMÓVEL: Lote nº 09, da quadra nº 38, da planta Jardim Europa, em Curitiba/PR, medindo 3,50 metros de frente para a Rua Itália e 21,50 metros pelos fundos confrontando com o lote n 12, e 50,00 metros da frente aos fundos pelo lado esquerdo de quem da rua olha o imóvel, confrontando com o lote nº 08, pelo lado direito, confrontando com o Ribeirão dos Padilhas na extensão de 26,00 metros e 32,00 metros do Ribeirão dos Padilhas até a linha de fundos, confrontando com uma rua projetada sem denominação, perfazendo a área total de 928,00m²­­ , de forma irregular, demais características constantes na matrícula nº 20.215 do 8º Registro de Imóveis e Curitiba/PR. Indicação Fiscal nº 81.282.009.000-0.   Contém uma residência construída de forma irregular em área de Preservação Permanente – APP, conforme informado na Guia Amarela, estando, ainda, referida construção fora dos limites determinados pela Lei Federal nº 12.651/2012, art. 4º, inciso I, alínea a. Por estas razões, a benfeitoria não possui valor comercial.   Na matrícula imobiliária consta que o imóvel possui a área total de 928,00m², contudo, a maior parte desta área encontra-se sobreposta ao córrego Ribeirão dos Padilhas, fazendo com que a área útil total do lote de terreno seja de aproximadamente 310,00m².   Rua Exp. Ernesto Gonçalves/Rua Mahatma Gandhi, nº 233, bairro Xaxim, em Curitiba/PR. AVALIAÇÃO:  R$78.000,00 em abril/2021 (mov. 54.1) R$ 80.971,13 em agosto/2021 (mov. 104.2). DA FORMA E CONDIÇÕES DE PAGAMENTO: A arrematação far-se-á com dinheiro preferencialmente à vista, com possibilidade de parcelamento.  Na hipótese do lance para pagamento parcelado ser superior ao lance para pagamento à vista, deverá o Sr. Leiloeiro consultar o juízo para análise daquele que será considerado vencedor. a) À VISTA:  Ao optar pelo pagamento à vista do valor do lance, o arrematante, no ato da arrematação, deverá efetuar, diretamente ao leiloeiro ou mediante guia judicial, o pagamento da integralidade do valor do lance.  b) PARCELADO : Ao optar pelo pagamento parcelado, o licitante, no ato da arrematação deverá efetuar, diretamente ao leiloeiro ou mediante guia judicial, o pagamento do valor mínimo correspondente a 25% (vinte e cinco) do valor da arrematação, quitando o valor remanescente em,   (art. 895, §1º, do Código de Processo Civil) iguais, mensais e sucessivas, vencíveis a cada 30 (trinta) dias corridos, contados da data da arrematação, e atualizadas mensalmente ( ) pela média do INPC/IGP-DI, que deverão ser pagas mediante guia de depósito judicial vinculada aos autos a que se refere o bem arrematado. Caso o vencimento de alguma parcela recaia em final de semana ou feriado, o mesmo ficará automaticamente prorrogado para o primeiro dia útil subsequente. A arrematação de bem imóvel mediante pagamento parcelado do valor da arrematação, nos termos previstos neste edital, será garantida por hipoteca gravada sobre o próprio imóvel arrematado,  ficando o arrematante como fiel depositário do bem a partir da expedição de carta de arrematação, quando o arrematante passará a arcar com todos os custos do imóvel arrematado (taxas de condomínio, IPTU, ITR, despesas com manutenção, dentre outros)."
Topo Leilões,Apartamento,"R$ 298.150,00",https://topoleiloes.com.br/lote/5421/apartamento-com-vaga-ilhas-gregas-home-club-rua-jose-mauricio-higgins-1185-boqueirao,"LOTE  Apartamento nº 407, do tipo J, localizado no 4º pavimento da Torre 1, com a área construída de utilização exclusiva de 56,35m², área de uso comum de 15,8541m², área de garagem de 21,9932m², sendo 12,00m² referente a área privativa da vaga, e 9,9932m² referente a circulação de veículos, perfazendo a área correspondente ou global construída de 94,1974m², fração ideal do solo e partes comuns de 0,006457164, quota do terreno de 28,0112m², e ainda direito de uso comum com os outros de uma área descoberta de 9,7810m², referente as recreações, localizadas no térreo (geral). Ao apartamento está vinculada a vaga de estacionamento sob nº 17 (SS), simples com capacidade para um veículo de passeio de porte até tamanho médio, localizada no subsolo; integrante do empreendimento Ilhas Gregas Home Club, com demais características na Matrícula nº 86.994, do 4º Registro de imóveis de Curitiba/PR. Indicação Fiscal nº 84.193.035.028-0.   Rua Professor José Maurício Higgins, 1185, barro Boqueirão, em Curitiba/PR.  R$298.127,98 em agosto/2021."
Topo Leilões,Terreno,"R$ 308.000,00",https://topoleiloes.com.br/lote/5450/lance-a-vista-parte-ideal-de-385m-rua-exp-ernesto-goncalves-198-xaxim,"Parte ideal de 385,00m²  pertencente à executada Elvia Lucia Nonatto , do Lote de terreno nº 11, da quadra nº 36, da Planta Jardim Europa, situado no arrabalde do Xaxim, em Curitiba/PR, medindo 11,00 metros de frente para a Rua Itália, por 60,00 metros de extensão pelo lado direito de quem da rua olha o imóvel, confrontando ai com o lote nº 10, pela esquerda    numa extensão de 67,00 metros confronta-se com o lote nº 12, e na linha de fundos com a largura de 12,00 metros confronta-se com o lote nº 13, da Planta Vila São Pedro. Matrícula nº 47.608, do 8º Registro de Imóveis de Curitiba/PR. Indicação Fiscal nº 81.278.011.000-9.   Contém benfeitorias não averbadas na matrícula do imóvel.   Rua Exp. Ernesto Gonçalves nº 198, bairro Xaxim, em Curitiba/PR. AVALIAÇÃO:  R$308.000,00 em julho/2021 (mov. 35.2) DA FORMA E CONDIÇÕES DE PAGAMENTO: A arrematação far-se-á com dinheiro preferencialmente à vista, com possibilidade de parcelamento.  Na hipótese do lance para pagamento parcelado ser superior ao lance para pagamento à vista, deverá o Sr. Leiloeiro consultar o juízo para análise daquele que será considerado vencedor. a) À VISTA:  Ao optar pelo pagamento à vista do valor do lance, o arrematante, no ato da arrematação, deverá efetuar, diretamente ao leiloeiro ou mediante guia judicial, o pagamento da integralidade do valor do lance.  b) PARCELADO : Ao optar pelo pagamento parcelado, o licitante, no ato da arrematação deverá efetuar, diretamente ao leiloeiro ou mediante guia judicial, o pagamento do valor mínimo correspondente a 25% (vinte e cinco) do valor da arrematação, quitando o valor remanescente em,   (art. 895, §1º, do Código de Processo Civil) iguais, mensais e sucessivas, vencíveis a cada 30 (trinta) dias corridos, contados da data da arrematação, e atualizadas mensalmente ( ) pela média do INPC/IGP-DI, que deverão ser pagas mediante guia de depósito judicial vinculada aos autos a que se refere o bem arrematado. Caso o vencimento de alguma parcela recaia em final de semana ou feriado, o mesmo ficará automaticamente prorrogado para o primeiro dia útil subsequente. A arrematação de bem imóvel mediante pagamento parcelado do valor da arrematação, nos termos previstos neste edital, será garantida por hipoteca gravada sobre o próprio imóvel arrematado,  ficando o arrematante como fiel depositário do bem a partir da expedição de carta de arrematação, quando o arrematante passará a arcar com todos os custos do imóvel arrematado (taxas de condomínio, IPTU, ITR, despesas com manutenção, dentre outros)."
Topo Leilões,Terreno,"R$ 308.000,00",https://topoleiloes.com.br/lote/5451/lance-parcelado-parte-ideal-de-385m-rua-exp-ernesto-goncalves-198-xaxim,"DESCRIÇÃO DO BEM:    IMÓVEL: Parte ideal de 385,00m²  pertencente à executada Elvia Lucia Nonatto , do Lote de terreno nº 11, da quadra nº 36, da Planta Jardim Europa, situado no arrabalde do Xaxim, em Curitiba/PR, medindo 11,00 metros de frente para a Rua Itália, por 60,00 metros de extensão pelo lado direito de quem da rua olha o imóvel, confrontando ai com o lote nº 10, pela esquerda    numa extensão de 67,00 metros confronta-se com o lote nº 12, e na linha de fundos com a largura de 12,00 metros confronta-se com o lote nº 13, da Planta Vila São Pedro. Matrícula nº 47.608, do 8º Registro de Imóveis de Curitiba/PR. Indicação Fiscal nº 81.278.011.000-9.   Contém benfeitorias não averbadas na matrícula do imóvel.   Rua Exp. Ernesto Gonçalves nº 198, bairro Xaxim, em Curitiba/PR. AVALIAÇÃO:  R$308.000,00 em julho/2021 (mov. 35.2) DA FORMA E CONDIÇÕES DE PAGAMENTO: A arrematação far-se-á com dinheiro preferencialmente à vista, com possibilidade de parcelamento.  Na hipótese do lance para pagamento parcelado ser superior ao lance para pagamento à vista, deverá o Sr. Leiloeiro consultar o juízo para análise daquele que será considerado vencedor. a) À VISTA:  Ao optar pelo pagamento à vista do valor do lance, o arrematante, no ato da arrematação, deverá efetuar, diretamente ao leiloeiro ou mediante guia judicial, o pagamento da integralidade do valor do lance.  b) PARCELADO : Ao optar pelo pagamento parcelado, o licitante, no ato da arrematação deverá efetuar, diretamente ao leiloeiro ou mediante guia judicial, o pagamento do valor mínimo correspondente a 25% (vinte e cinco) do valor da arrematação, quitando o valor remanescente em,   (art. 895, §1º, do Código de Processo Civil) iguais, mensais e sucessivas, vencíveis a cada 30 (trinta) dias corridos, contados da data da arrematação, e atualizadas mensalmente ( ) pela média do INPC/IGP-DI, que deverão ser pagas mediante guia de depósito judicial vinculada aos autos a que se refere o bem arrematado. Caso o vencimento de alguma parcela recaia em final de semana ou feriado, o mesmo ficará automaticamente prorrogado para o primeiro dia útil subsequente. A arrematação de bem imóvel mediante pagamento parcelado do valor da arrematação, nos termos previstos neste edital, será garantida por hipoteca gravada sobre o próprio imóvel arrematado,  ficando o arrematante como fiel depositário do bem a partir da expedição de carta de arrematação, quando o arrematante passará a arcar com todos os custos do imóvel arrematado (taxas de condomínio, IPTU, ITR, despesas com manutenção, dentre outros)."
Bias Leilões,Comercial,"R$109.900,00",https://www.biasileiloes.com.br//sale/detail?id=28614,Sala Comercial no Centro de Curitiba/PR
João Luiz Leilões,Apartamento,"R$ 90.000,00",https://joaoluizleiloes.com.br/item/2410/detalhes?page=1,"PARQUE RESIDENCIAL FAZENDINHA - APTO nº 32 do Prédio nº26 - Rua Carlos Klemtz, 1410"
João Luiz Leilões,Apartamento,"R$ 96.000,00",https://joaoluizleiloes.com.br/item/2411/detalhes?page=1,"Apto CONDOMÍNIO EDIFÍCIO DA GLÓRIA - nº 2201 B, 22º Pavimento - BL - B - Travessa Nestor de Castro nº 231"
João Luiz Leilões,Apartamento,"R$ 76.000,00",https://joaoluizleiloes.com.br/item/2412/detalhes?page=1,"Apto nº 07 - bl 8-A - CONJUNTO RESIDENCIAL MORADIAS PIQUIRI III - Rua Alípio Domingues nº 53, Campo Comprido"
João Luiz Leilões,Não Identificado,"R$ 187.000,00",https://joaoluizleiloes.com.br/item/2215/detalhes?page=1,"Conjunto Hab. Jd. Nova Europa I e II - Ap nº 23 do bloco 23 - Rua Pastor Antônio Polito nº 1886, Alto Boqueirão"
João Luiz Leilões,Apartamento,"R$ 130.000,00",https://joaoluizleiloes.com.br/item/2216/detalhes?page=1,CONJUNTO RESIDENCIAL JARDIM DAS ARAUCÁRIAS - Apto nº 23 do bloco 04 na Rua Paulo Brum nº 70 – Alto Boqueirão
João Luiz Leilões,Apartamento,"R$ 190.000,00",https://joaoluizleiloes.com.br/item/2398/detalhes?page=1,RESIDENCIAL IGUAÇU V - Apto nº 02 - BL 06 - Rua Itajubá nº 1000 – Portão - CURITIBA/PR
João Luiz Leilões,Terreno,"R$ 330.000,00",https://joaoluizleiloes.com.br/item/2214/detalhes?page=1,"50% de terreno de 600m² no CIC - 20,00 m x 30,00 m - Avenida das Indústrias, 652"
João Luiz Leilões,Residencial,"R$ 148.000,00",https://joaoluizleiloes.com.br/item/2403/detalhes?page=1,LEILÃO DOS DIREITOS DO IMÓVEL - partamento nº 22 do Conjunto Residencial Moradias Bandeirantes - Rua Cuiabá nº 682
João Luiz Leilões,Apartamento,"R$ 865.400,00",https://joaoluizleiloes.com.br/item/2099/detalhes?page=1,APARTAMENTO DUPLEX - VILA IZABEL
João Luiz Leilões,Residencial,"R$ 345.000,00",https://joaoluizleiloes.com.br/item/2409/detalhes?page=1,Boqueirão - Residencial Araguaia - Casa nº A-12 na Rua Desembargador Antônio de Paula nº 2.601
João Luiz Leilões,Apartamento,"R$ 320.311,53",https://joaoluizleiloes.com.br/item/2401/detalhes?page=1,"APARTAMENTO EDIFÍCIO MANHATTAN - Água Verde - Rua Brasílio Itiberê, 4324- Apartamento 302"
Santa Catarina leilões,Terreno,"R$ 100.000,00",http://www.santacatarinaleiloes.com.br/lotes/index/id/18,"Terreno urbano, representado pelo lote nº 004A da quadra 003, do Loteamento Osvaldo Bruch (Agrupamento Corticeira III), situado na Rua Hermínio Stringari, bairro Corticeira, em Guaramirim/SC, contendo a área de 316,00m², com a seguinte descrição: Imóvel de frente medindo 16,10m para a Rua sem denominação oficial, de quem da referida rua olha o imóvel, pela lateral direita onde mede 20,30m, confronta com o lote nº 004B, pela lateral esquerda onde mede 20,10m confronta com o lote nº 003, e no travessão fundos onde mede 15,20m confronta com o Loteamento Valquiria Bruch, fechando o perímetro com a extensão total de 71,70m, matrícula nº 29.660 do CRI da Comarca de Guaramirim/SC"
Zukerman,Apartamento,"R$ 205.900,00",https://www.zukerman.com.br/apartamento-reboucas-curitiba-pr-22607-157390,"Apartamento n° 518 à Avenida Sete de Setembro nº 2451, esquina com a Rua Conselheiro Laurindo nº 1138, da ala Live Convenience 1, integrante do Condomínio 7th Avenue Live & Work, Área privativa: 44,25m². Área total: 66,81m². Matr. 88.292 do 4° CRI Local, Bairro Rebouças, Curitiba/PR."
Zukerman,Apartamento,"R$ 569.600,00",https://www.zukerman.com.br/apartamento-centro-curitiba-pr-22607-157392,"Apartamento, com vaga nº 07, situado à Rua Frei Caneca Nº 55 - Apto 09 - Edifício Frei Caneca, Centro. Área privativa: 186,14m². Área total: 213,00m². Matr. 14.132 do 5º CRI Local."
Topo Leilões,Fazenda,"R$ 947.559,60",https://topoleiloes.com.br/lote/5446/lance-a-vista-casa-rua-cleto-da-silva-1381-boqueirao,"DESCRIÇÃO DO BEM:    IMÓVEL: Lote de terreno nº 15, da quadra nº 56, da Planta Fazenda Boqueirão, situada no Boqueirão, medindo 15,00 metros de frente para Rua Cleto da Silva, por 52,25 metros de extensão da frente aos fundos em ambos os lados, confrontando pelo lado direito de quem da rua olha o imóvel, com lote nº 16, pelo lado esquerdo, com os lotes 1, 2, 3 e 4, tendo de largura na linha de fundos 15,00 metros, onde confronta com parte do lote nº 4, e com o lote nº 19, perfazendo a área total de 783,77m². Matrícula nº 6.482, do 7º Registro de Imóveis de Curitiba. Indicação Fiscal nº 84.150.015.000-6. BENFEITORIAS: A) uma casa em alvenaria, de padrão construtivo simples, com a área construída de aproximadamente 218,70m², com idade aparente de 26 anos de idade, necessitando de reparos simples. B) uma casa em alvenaria, de padrão construtivo simples, com aproximadamente 145,50m², com idade aparente de 20 anos de idade, necessitando de reparos simples.  LOCALIZAÇÃO:  Rua Cleto da Silva nº 1381 , bairro Boqueirão, em Curitiba/PR. AVALIAÇÃO:  R$936.000,00 em junho/2021 (mov. 63.1).   R$947.559,60 em agosto/2021 (mov. 100.2). DA FORMA E CONDIÇÕES DE PAGAMENTO: A arrematação far-se-á com dinheiro preferencialmente à vista, com possibilidade de parcelamento.  Na hipótese do lance para pagamento parcelado ser superior ao lance para pagamento à vista, deverá o Sr. Leiloeiro consultar o juízo para análise daquele que será considerado vencedor. a) À VISTA:  Ao optar pelo pagamento à vista do valor do lance, o arrematante, no ato da arrematação, deverá efetuar, diretamente ao leiloeiro ou mediante guia judicial, o pagamento da integralidade do valor do lance.  b) PARCELADO : Ao optar pelo pagamento parcelado, o licitante, no ato da arrematação deverá efetuar, diretamente ao leiloeiro ou mediante guia judicial, o pagamento do valor mínimo correspondente a 25% (vinte e cinco) do valor da arrematação, quitando o valor remanescente em,   (art. 895, §1º, do Código de Processo Civil) iguais, mensais e sucessivas, vencíveis a cada 30 (trinta) dias corridos, contados da data da arrematação, e atualizadas mensalmente ( ) pela média do INPC/IGP-DI, que deverão ser pagas mediante guia de depósito judicial vinculada aos autos a que se refere o bem arrematado. Caso o vencimento de alguma parcela recaia em final de semana ou feriado, o mesmo ficará automaticamente prorrogado para o primeiro dia útil subsequente. A arrematação de bem imóvel mediante pagamento parcelado do valor da arrematação, nos termos previstos neste edital, será garantida por hipoteca gravada sobre o próprio imóvel arrematado,  ficando o arrematante como fiel depositário do bem a partir da expedição de carta de arrematação, quando o arrematante passará a arcar com todos os custos do imóvel arrematado (taxas de condomínio, IPTU, ITR, despesas com manutenção, dentre outros)."
Topo Leilões,Terreno,"R$ 797.600,00",https://topoleiloes.com.br/lote/5445/terreno-medindo-1032m-rua-jose-serrato-79-santa-candida,"LOTE  Terreno com a área de 1.032,00m², resultante da unificação dos lotes nºs 9 e 10, da quadra nº 02, da Planta Borsato, situado na Vila Tingui, em Curitiba/PR, medindo 24,00 metros de frente para a Rua nº 01, atual Rua José Serrato, por 43,00 metros de extensão da frente aos fundos em ambos os lados, e 24,00 metros na linha de fundos, confrontando a direita de quem da rua o observa com o lote nº 11, a esquerda com o lote nº 8, e na linha de fundos com o lote de indicação fiscal 96.092.05.000. Matrícula nº 38.679, do 9ª Registro de Imóveis de Curitiba/PR. Indicação Fiscal nº 96.041.019.000-1.   Rua José Serrato nº 79, bairro Santa Cândida, em Curitiba/PR. AVALIAÇÃO: R$726.000,00 em julho/2020. AVALIAÇÃO ATUALIZADA: R$797.530,22 em agosto/2021. ÔNUS DA MATRÍCULA (atualizada até 24/08/2021): R7/R8/AV9- Hipoteca e penhora objeto desta execução."
Topo Leilões,Não Identificado,"R$ 248.000,00",https://topoleiloes.com.br/lote/5432/area-de-terras-sem-benfeitorias-averbadas-no-municipio-de-ventaniasc-rua-frei-solano-sn,
Topo Leilões,Fazenda,"R$ 16.538.000,00",https://topoleiloes.com.br/lote/5438/terreno-urbano-medindo-8676m-av-marechal-floriano-peixoto-10000-boqueirao,"LOTE  Terreno constituído pela unificação dos lotes nºs. 7, 8, 9, 10, 11, 12, 21, 22, 23, 24, 25 e 26, da quadra 302, da planta Fazenda Boqueirão, de Curitiba/PR, com área de 8.676,00m², tendo 86,76m de frente para a Rua Marechal Floriano Peixoto, por igual metragem na linha de fundos, onde faz frente para a Rua nº 19, por 100,00m em cada um dos lados, confrontando do lado direito de quem da rua olha o terreno com os lotes nºs. 6 e 20, do lado oposto divide com os lotes 13 e 27, com as benfeitorias, e demais características na Matrícula nº 320, do 4º Registro de imóveis de Curitiba/PR. Indicação Fiscal nº 86.188.029.000-1.   Rua Marechal Floriano Peixoto nº 10.000, Boqueirão, em Curitiba/PR.  R$16.537.969,27 em agosto/2021."
Topo Leilões,Fazenda,"R$ 947.559,60",https://topoleiloes.com.br/lote/5447/lance-parcelado-casa-rua-cleto-da-silva-1381-boqueirao,"DESCRIÇÃO DO BEM:    IMÓVEL: Lote de terreno nº 15, da quadra nº 56, da Planta Fazenda Boqueirão, situada no Boqueirão, medindo 15,00 metros de frente para Rua Cleto da Silva, por 52,25 metros de extensão da frente aos fundos em ambos os lados, confrontando pelo lado direito de quem da rua olha o imóvel, com lote nº 16, pelo lado esquerdo, com os lotes 1, 2, 3 e 4, tendo de largura na linha de fundos 15,00 metros, onde confronta com parte do lote nº 4, e com o lote nº 19, perfazendo a área total de 783,77m². Matrícula nº 6.482, do 7º Registro de Imóveis de Curitiba. Indicação Fiscal nº 84.150.015.000-6. BENFEITORIAS: A) uma casa em alvenaria, de padrão construtivo simples, com a área construída de aproximadamente 218,70m², com idade aparente de 26 anos de idade, necessitando de reparos simples. B) uma casa em alvenaria, de padrão construtivo simples, com aproximadamente 145,50m², com idade aparente de 20 anos de idade, necessitando de reparos simples.  LOCALIZAÇÃO:  Rua Cleto da Silva nº 1381 , bairro Boqueirão, em Curitiba/PR. AVALIAÇÃO:  R$936.000,00 em junho/2021 (mov. 63.1).   R$947.559,60 em agosto/2021 (mov. 100.2). DA FORMA E CONDIÇÕES DE PAGAMENTO: A arrematação far-se-á com dinheiro preferencialmente à vista, com possibilidade de parcelamento.  Na hipótese do lance para pagamento parcelado ser superior ao lance para pagamento à vista, deverá o Sr. Leiloeiro consultar o juízo para análise daquele que será considerado vencedor. a) À VISTA:  Ao optar pelo pagamento à vista do valor do lance, o arrematante, no ato da arrematação, deverá efetuar, diretamente ao leiloeiro ou mediante guia judicial, o pagamento da integralidade do valor do lance.  b) PARCELADO : Ao optar pelo pagamento parcelado, o licitante, no ato da arrematação deverá efetuar, diretamente ao leiloeiro ou mediante guia judicial, o pagamento do valor mínimo correspondente a 25% (vinte e cinco) do valor da arrematação, quitando o valor remanescente em,   (art. 895, §1º, do Código de Processo Civil) iguais, mensais e sucessivas, vencíveis a cada 30 (trinta) dias corridos, contados da data da arrematação, e atualizadas mensalmente ( ) pela média do INPC/IGP-DI, que deverão ser pagas mediante guia de depósito judicial vinculada aos autos a que se refere o bem arrematado. Caso o vencimento de alguma parcela recaia em final de semana ou feriado, o mesmo ficará automaticamente prorrogado para o primeiro dia útil subsequente. A arrematação de bem imóvel mediante pagamento parcelado do valor da arrematação, nos termos previstos neste edital, será garantida por hipoteca gravada sobre o próprio imóvel arrematado,  ficando o arrematante como fiel depositário do bem a partir da expedição de carta de arrematação, quando o arrematante passará a arcar com todos os custos do imóvel arrematado (taxas de condomínio, IPTU, ITR, despesas com manutenção, dentre outros)."
Psn Leilões,Apartamento,"R$ 990.000,00",https://www.psnleiloes.com.br/detalhe-lote/36591/001,"001 - Imóvel na Rua Coronel Temístocles de Souza Brasil, 365 - Jardim Social, Curitiba – PR 301 - Imóvel de matrícula nº 25980 do 5º CRI de Curitiba, que corresponde ao Apartamento nº 24, situado no 1º andar ou 3"
Rocha Leilões,Rural,"R$435.000,00",https://rochaleiloes.com.br/lote/15207/terreno-rural-leilao-4194,"IMÓVEL:- Lote de terreno rural, designado pela Letra ""B"" da Planta de Divisão Amigável arq. sob n.36.006 n/Oficio, situado no lugar denominado ""OURO FINO GRANDE"", Distrito de BATEIAS, do..."
Rocha Leilões,Lote,"R$10.339.000,00",https://rochaleiloes.com.br/lote/15324/terreno-urbano-leilao-4262,"Área A8, desmembrada do Lote 7, situada na Cidade Industrial de Curitiba - Área Sul, nesta Capital, de forma irregular, medindo 39,71 m. de frente para a Rua João Chede, 2627, com área..."
Rocha Leilões,Apartamento,"R$307.826,00",https://rochaleiloes.com.br/lote/15335/apartamento-no-portao-leilao-4272,"Apartamento sob n° 521, do TIPO ""K"", localizado no 1° andar ou 2° pavimento, do BLOCO ""5"" do ""EDIFICIO PREMIER VILLAGE"", situado nesta cidade, na Rua Professor Thomaz Wartelsteiner n°..."
Rocha Leilões,Apartamento,"R$1.300.000,00",https://rochaleiloes.com.br/lote/15358/apartamento-no-batel-leilao-4284,"Apartamento nº 1101 no 14º pavimento do Edifício San German, situado na Rua Padre Ildefonso nº 280, com área construída privativa de 231,12 m², área comum de 50,803478 m², área..."
Rocha Leilões,Apartamento,"R$335.000,00",https://rochaleiloes.com.br/lote/15386/apartamento-no-reboucas-leilao-4296,"Apartamento nº 202 no 4º pavimento do Edifício Serra do Mar, situado na Avenida Silva Jardim nº 296, Rebouças, nesta Capital, com área construída privativa de 90,645 m², área comum..."
K Leilões,Terreno,"320.400,00",https://www.kleiloes.com.br/DetalheLote.aspx?Leilao=21.194&Lote=1&Sublote=1,"Lote de terreno nº 04, da Quadra ""B"", da Planta João Fantinato, nesta capital, medindo 20,0 metros de frente para a Rua ""A"" da Planta, por 25,28 metros do lado esquerdo de quem da rua olha, onde limita com o lote nº 03, e 25,48 metros do lado direito, onde limita com o lote nº 05, tendo 20,00 metros de largura na linha de fundos, onde limita com o lote 03 da planta respectiva (de Luiz Fantinatto), encerrando a área de 498,75 metros quadrados."
Kronberg Leilões,Comercial,,https://www.kronbergleiloes.com.br/leilao/detalhe_leilao/10576#conteudo,"Imóvel Comercial (Sede da Faculdade FESP - Fundação de Estudos Sociais do Paraná) Área de terreno total 5.300,90m² Área total edificada 10.238,53m² Rua General Carneiro, 216 e Rua Dr. Faivre, 141"
Kronberg Leilões,Casa,"R$ 500.000,00",https://www.kronbergleiloes.com.br/leilao/detalhe_leilao/10660#conteudo,"Casa 130m² Terreno 432m² Rua Coronel Benedito Tertuliano Cordeiro, 66, Tingui"
Kronberg Leilões,Apartamento,"R$ 135.000,00",https://www.kronbergleiloes.com.br/leilao/detalhe_leilao/10801#conteudo,"Apartamento nº 22, Bloco 01, Conjunto Residencial Jardim das Araucárias - Condomínio VI Área útil de 46,54m² Rua Izabel Gomes Posselt, n° 160, bairro Alto Boqueirão"
Kronberg Leilões,Apartamento,"R$ 340.000,00",https://www.kronbergleiloes.com.br/leilao/detalhe_leilao/10775#conteudo,"Apartamento nº 1.604 no Edifício Moretti, com área privativa de 52,30m², área comum de 16,41m² e área construída global de 96,26m². Situado na Rua Martim Afonso, nº 1.168 - Mercês."
Kronberg Leilões,Apartamento,"R$ 308.000,00",https://www.kronbergleiloes.com.br/leilao/detalhe_leilao/10783#conteudo,"Apartamento nº 161, no 18º andar do Ed. Milena, localizado à Rua Luiz Leitner, 55, Bigorrilho, com 03 quartos e Área Privativa de 55,77m²."
Kronberg Leilões,Comercial,"R$ 180.000,00",https://www.kronbergleiloes.com.br/leilao/detalhe_leilao/10784#conteudo,"Sala comercial nº 207, no 2º andar do Edifício Banrisul, com área global de 57,70m². Av. Marechal Floriano Peixoto, nº 238 - Centro."
Kronberg Leilões,Apartamento,"R$ 290.937,18",https://www.kronbergleiloes.com.br/leilao/detalhe_leilao/10789#conteudo,"Apartamento 102, situado no 1º andar, do Edifício Viña Del Mar, com área total de 132,45m², na Rua Prof. Sebastião Paraná, 48 - Vila Izabel."
Kronberg Leilões,Casa,"R$ 200.000,00",https://www.kronbergleiloes.com.br/leilao/detalhe_leilao/10800#conteudo,"Casa com área de 54,00m² e área total de terreno de 140,00m². Av. Juscelino Kubitschek, nº 7.830 - Cidade Industrial."
Kronberg Leilões,Apartamento,"R$ 125.000,00",https://www.kronbergleiloes.com.br/leilao/detalhe_leilao/10808#conteudo,"Apartamento nº 34, no 3º andar, do bloco nº 01 Conjunto Residencial Moradias Santa Cândida II, Condomínio II Rua Doutor João Nassif, nº 81, Atuba."
Kronberg Leilões,Apartamento,"R$ 130.000,00",https://www.kronbergleiloes.com.br/leilao/detalhe_leilao/10811#conteudo,"Apartamento nº 11, do 1º andar, - Bloco 18 Conjunto Residencial Vila Formosa Área total de 55,41m²  Rua Antonio Dalmarco, nº 400, Fazendinha"
Kronberg Leilões,Não Identificado,"R$ 52.000,00",https://www.kronbergleiloes.com.br/leilao/detalhe_leilao/10826#conteudo,"Vaga de garagem nº 04, no subsolo do Bloco B do Condomínio Quincas do Cabral, com área privativa de 12,00m² e área de uso comum de 12,2817m². Rua Coronel Amazonas Marcondes, nº 1.065 - Cabral."
Kronberg Leilões,Apartamento,,https://www.kronbergleiloes.com.br/leilao/detalhe_leilao/10832#conteudo,"Apartamentos n° 123 e 132, com áreas totais de 65,53m², situados no Edifício Vega, na Rua Amintas de Barros, n° 540, Centro, Curitiba - PR"
Kronberg Leilões,Apartamento,"R$ 173.741,95",https://www.kronbergleiloes.com.br/leilao/detalhe_leilao/10834#conteudo,"Apartamento nº12, Bloco 06, no Residencial Ilha do Mel, com área de 50,30m², com direito de uso exclusivo de uma vaga de garagem. Rua Iriri, nº 20 – Bairro Alto."
Kronberg Leilões,Terreno,"R$ 1.845.000,00",https://www.kronbergleiloes.com.br/leilao/detalhe_leilao/10838#conteudo,"Lote de terreno urbano com área de 472,00m², contendo edificação com área construída de 617,00m². Rua Treze de Maio, nº 867 - São Francisco."
Kronberg Leilões,Apartamento,"R$ 151.000,00",https://www.kronbergleiloes.com.br/leilao/detalhe_leilao/10842#conteudo,"Apartamento nº 11, do Bloco 03, do Empreendimento Palma de Ouro II, situado à Rua David Bodziak, nº 1130, com Área Exclusiva de 45,13 m²."
Kronberg Leilões,Apartamento,"R$ 197.000,00",https://www.kronbergleiloes.com.br/leilao/detalhe_leilao/10845#conteudo,"Apartamento 72m² Edifício Japurá Rua Professor Brasílio Ovídio da Costa, 1374, bairro Portão"
Kronberg Leilões,Terreno,"R$ 1.697.468,05",https://www.kronbergleiloes.com.br/leilao/detalhe_leilao/10848#conteudo,"Lote de Terreno nº 05 com Área Total de 1.319,00 m², com Benfeitoria de Área Total de 367,40 m², localizado na Rua Vereador Toaldo Túlio, 1035, Bairro Santa Felicidade."
Kronberg Leilões,Galpão,"R$ 1.450.000,00",https://www.kronbergleiloes.com.br/leilao/detalhe_leilao/10862#conteudo,"Galpão  Área construída de 1.367,80m² Área de terreno de 1.366,00m² Rua Desembargador Westphalen, nº 2805, Parolin, Curitiba/PR"
Kronberg Leilões,Galpão,"R$ 649.600,00",https://www.kronbergleiloes.com.br/leilao/detalhe_leilao/10879#conteudo,"Massa Falida Soldar Indústria e Comércio de Eletrodos Terreno 980,00m² Área construida 430,40m² , galpão e residência Rua Yassushi, 234, Boqueirão"
Kronberg Leilões,Casa,"R$ 430.000,00",https://www.kronbergleiloes.com.br/leilao/detalhe_leilao/10881#conteudo,"Casa localizada na Rua Expedicionário Francisco A. de Oliveira, nº 356, Bairro Alto Boqueirão. com área útil de 119,90m², mais benfeitoria com área útil de 20,10m², totalizando 140,00m². área total do terreno 440,00m²."
Kronberg Leilões,Barracão,"R$ 327.000,00",https://www.kronbergleiloes.com.br/leilao/detalhe_leilao/10886#conteudo,"Terreno 337m² Casa 80m² Barracão 180m² Rua Waldemar Kost, 373, bairro Hauer"
Kronberg Leilões,Apartamento,"R$ 265.000,00",https://www.kronbergleiloes.com.br/leilao/detalhe_leilao/10930#conteudo,"Apartamento nº 02 com 77,63m² Parque Residencial Fazendinha Rua Carlos Klemtz, n° 1410, bairro Fazendinha"
Kronberg Leilões,Terreno,"R$ 1.255.301,15",https://www.kronbergleiloes.com.br/leilao/detalhe_leilao/10945#conteudo,"Lote de Terreno nº 05, Quadra nº 01 da Planta Vila Dóra, situado no Portão, nº 1251, Rua Alberto Klemz, com Área Total de 840 m², contendo uma edificação em péssimo estado."
Kronberg Leilões,Apartamento,"R$ 185.000,00",https://www.kronbergleiloes.com.br/leilao/detalhe_leilao/10953#conteudo,"Apartamento nº 13, no 1º pavimento, Bloco B-22 do Conj. Habitacional Jardim Nova Europa II, situado na Rua Cascavel, 3041, com área privativa de 51,323 m²."
Kronberg Leilões,Apartamento,"R$ 198.000,00",https://www.kronbergleiloes.com.br/leilao/detalhe_leilao/10978#conteudo,"COMPRA IMEDIATA  Apartamento 73m² Centro Habitacional Novo Mundo Rua Dr. José Palú, 451, Novo Mundo"
Kronberg Leilões,Comercial,"R$ 205.000,00",https://www.kronbergleiloes.com.br/leilao/detalhe_leilao/10956#conteudo,"Conj. Comercial nº 607-A, Tipo 7-A, no 6º andar, Bloco Comercial do Edifício José Conrado Riedel, situado na Av. Cândido de Abreu, 427, Centro Cívico, CEP 80530-903, com a área de 52,05 m²."
Kronberg Leilões,Apartamento,,https://www.kronbergleiloes.com.br/leilao/detalhe_leilao/10959#conteudo,"Apartamento nº 23, do Edifício Brigadeiro, com área construída privativa de 61,74m². Rua Brigadeiro Franco, nº 63 - Água Verde; Vaga de garagem nº 01, no Edifício Brigadeiro, com área de 15,00m². Rua Brigadeiro Franco, nº 63 - Água Verde; Apartamento nº 13 do Bloco B-1 do Conjunto Residencial Moradias..."
Kronberg Leilões,Loja,,https://www.kronbergleiloes.com.br/leilao/detalhe_leilao/10965#conteudo,"Loja com área privativa de 147,45m² 18 Conjuntos Comercias todos com área privativa de 64,87 , Edifício Comprevi Rua da Gloria, 393, Centro Cívico"
Kronberg Leilões,Terreno,"R$ 727.000,00",https://www.kronbergleiloes.com.br/leilao/detalhe_leilao/10972#conteudo,"Terreno com área total de 784,00m², contendo edificações simples Rua Doutor Estevam Ribeiro de Souza Netto, nº 719, Cajuru"
Kronberg Leilões,Terreno,"R$ 2.019.000,00",https://www.kronbergleiloes.com.br/leilao/detalhe_leilao/10996#conteudo,"Massa Falida de Tip Top Alimentos. Terreno 4.750,00m²,  Rua Cascavel, n° 1.840, Bairro Boqueirão."
