Leilão Brasil,Casa,"R$ 300.000,00",https://www.leilaobrasil.com.br/lotes/2125-9108-casa-em-sorocaba,CASA EM SOROCABA
Leilão Brasil,Apartamento,"R$ 175.415,97",https://www.leilaobrasil.com.br/lotes/1904-8804-apartamento-em-jacarepagua-rj,APARTAMENTO EM JACAREPAGUÁ/RJ
Leilão Brasil,Apartamento,"R$ 3.264.512,35",https://www.leilaobrasil.com.br/lotes/188-4938-apartamento-duplex-com-308-84-m-privativos-em-moema,"Apartamento duplex com 308,84 m²  privativos em Moema"
Leilão Brasil,Terreno,"R$ 4.602.680,50",https://www.leilaobrasil.com.br/lotes/1698-8312-posto-de-gasolina-e-terreno-no-itaim-paulista,POSTO DE GASOLINA E TERRENO NO ITAIM PAULISTA
Leilão Brasil,Apartamento,"R$ 178.000,00",https://www.leilaobrasil.com.br/lotes/2154-9164-apartamento-em-guarulhos,APARTAMENTO EM GUARULHOS
Mega Leilões,Lote,"R$ 1.000.000,00",https://www.megaleiloes.com.br/imoveis/imoveis-comerciais/rj/rio-de-janeiro/imovel-comercial-928-m2-sao-cristovao-rio-de-janeiro-rj-x70026,LOTE 02 – RIO DE JANEIRO - RJ – BAIRRO SÃO CRISTÓVÃO.
Mega Leilões,Casa,"R$ 141.000,00",https://www.megaleiloes.com.br/imoveis/casas/rj/rio-de-janeiro/casa-192-m2-praca-seca-rio-de-janeiro-rj-x70690,"Casa, PRACA SECA, Ocupado, contendo 2 dormitório(s), 2 banheiro(s), 162.00 M² de área de terreno, 192.00 M² de área construída. Matrícula nº 224572, 9º CRI RIO DE JANEIRO, Inscrição Prefeitura 1677343-4. IPTU anual R$ 1.543,00, valor avaliado R$280.000,00. OCUPADO"
Mega Leilões,Apartamento,"R$ 91.700,00",https://www.megaleiloes.com.br/imoveis/apartamentos/rj/resende/apartamento-69-m2-unid-105-b-4-elite-resende-rj-x70664,"Apartamento, ELITE, Ocupado, contendo 1 vaga(s) de garagem, 69.53  de área útil, 75.00  de área total. Matrícula nº 37926, 1º CRI DE RESENDE, Inscrição Prefeitura Imóvel:  61153 / INSC 24.5.09.06.09.005. IPTU anual R$ 1.070,00, valor avaliado R$170.000,00.Venda Condicional (valor de venda sob aprovação do vendedor)  OCUPADO"
Mega Leilões,Apartamento,"R$ 105.500,00",https://www.megaleiloes.com.br/imoveis/apartamentos/rj/rio-de-janeiro/apartamento-54-m2-unid-203-campo-grande-rio-de-janeiro-rj-x70688,"Apartamento, CAMPO GRANDE, Ocupado, contendo 3 dormitório(s), 1 banheiro(s), 54.00 M² de área útil, 54.00 M² de área privativa. Matrícula nº 6811, 12º CRI DO RIO DE JANEIRO, Inscrição Prefeitura 1687797-9. IPTU anual R$ 265,00, valor de condomínio mensal R$ 335,72, valor avaliado R$165.000,00. OCUPADO."
Mega Leilões,Não Identificado,"R$ 48.600,00",https://www.megaleiloes.com.br/imoveis/imoveis-comerciais/rj/rio-de-janeiro/sala-comercial-20-m2-unid-303-tanque-rio-de-janeiro-rj-x70663,"Sala, TANQUE, Ocupado, contendo 1 banheiro(s), 20.00 M² de área útil, 20.00 M² de área privativa. Matrícula nº 401768, 9º CRI RIO DE JANEIRO, Inscrição Prefeitura 3279591-6. IPTU anual R$ 801,70, valor de condomínio mensal R$ 412,85, valor avaliado R$90.000,00. OCUPADO"
Mega Leilões,Apartamento,"R$ 59.300,00",https://www.megaleiloes.com.br/imoveis/apartamentos/rj/rio-das-ostras/apartamento-52-m2-unid-104-res-praia-ancora-rio-das-ostras-rj-x70681,"Apartamento, RESIDENCIAL PRAIA ANCORA, Ocupado, contendo 3 dormitório(s), sendo 1 suíte(s), 1 vaga de garagem, 3 banheiro(s), 58.00 M² de área de terreno, 52.00 M² de área construída, 52.95 M² de área útil, 52.00 M² de área privativa, 5.00 M² de área comum, 58.62 M² de área total. Matrícula nº 25342, CRI DE RIO DAS OSTRAS, Inscrição Prefeitura 152100295004. IPTU anual R$ 382,61, valor avaliado R$110.000,00. BAIRRO RESIDENCIAL COM TODOS OS MELHORAMENTOS PÚBLICOS E COMÉRCIO LOCAL. Venda Condicional (valor de venda sob aprovação do vendedor)  OCUPADO"
Mega Leilões,Não Identificado,"R$ 82.400,00",https://www.megaleiloes.com.br/imoveis/imoveis-comerciais/rj/rio-de-janeiro/sala-comercial-26-m2-unid-207-a-jacarepagua-rio-de-janeiro-rj-x70671,"Sala, JACAREPAGUA, Ocupado, contendo 1 vaga(s) de garagem, 1 banheiro(s), 26.00 M² de área útil, 26.00 M² de área privativa. Matrícula nº 368455, 9º CRI RIO DE JANEIRO, Inscrição Prefeitura 3268875-6. IPTU anual R$ 1.143,00, valor avaliado R$142.000,00. OCUPADO"
Mega Leilões,Residencial,"R$ 253.400,00",https://www.megaleiloes.com.br/imoveis/casas/rj/volta-redonda/casa-308-m2-vila-americana-volta-redonda-rj-x70724,"Casa, VILA AMERICANA, Ocupado, 200.00 M² de área de terreno, 308.84 M² de área construída. Matrícula nº 27327, 1º CRI DE VOLTA REDONDA, Inscrição Prefeitura 602100010002. IPTU anual R$ 853,47, valor avaliado R$470.000,00. IMÓVEL RESIDENCIAL, COM TODOS OS MELHORAMENTOS PUBLICOS E COMÉRCIO LOCAL.Venda Condicional (valor de venda sob aprovação do vendedor)  OCUPADO"
Mega Leilões,Casa,"R$ 129.200,00",https://www.megaleiloes.com.br/imoveis/casas/rj/macae/casa-em-condominio-136-m2-parque-aeroporto-macae-rj-x70670,"Casa Condomínio, PARQUE AEROPORTO, Ocupado, casa nº 01, 124.00 M² de área de terreno, 136.40 M² de área construída. Matrícula nº 15242, 3º CRI DE MACAÉ, Inscrição Prefeitura 02.2.362.0093.0001. IPTU anual R$ 750,74, valor avaliado R$305.000,00.Venda Condicional (valor de venda sob aprovação do vendedor)  OCUPADO"
Mega Leilões,Terreno,"R$ 73.828,62",https://www.megaleiloes.com.br/imoveis/imoveis-comerciais/rj/rio-de-janeiro/sala-comercial-28-m2-coelho-neto-rio-de-janeiro-rj-j69808,"MATRÍCULA Nº 225.895 DO 8º CARTÓRIO DE REGISTRO DE IMÓVEIS DA COMARCA DE RIO DE JANEIRO/RJ - IMÓVEL: Rua Pedro Jorio, nº 150 – Sala 325 e sua correspondente fração ideal de 0,0040 do respectivo terreno, designado por lote 18 do PA 32891, medindo em sua totalidade: 62,50m de frente, mais 9,42m em curva interna subordinada a raio de 6,00m concordando com o alinhamento da Rua “E”, por onde mede 28,00m, mais 9,42m em curva interna subordinada a um raio de 6,00m concordando com o alinhamento da Rua “F”, por onde mede 28,00m; 74,50m de fundos limitando com o lote 17 da Rua “E” e com o lote 19 da Rua “F”, ambos do mesmo PA, e de propriedade da CEHAB ou sucessores. Consta na Av.04 desta matrícula que nos autos do Processo nº 10009381620175020320, em trâmite na 10ª Vara do Trabalho de São Paulo/SP, foi decretada a indisponibilidade de bens de ESTUB – SISTEMAS CONSTRUTIVOS LTDA. Consta na Av.05 desta matrícula que nos autos do Processo nº 10012161720175020320, em trâmite no Juízo Auxiliar em Execução de São Paulo/SP, foi decretada a indisponibilidade de bens de ESTUB – SISTEMAS CONSTRUTIVOS LTDA. Consta na Av.07 desta matrícula que nos autos do Processo nº 00124781920175180131, em trâmite na Vara do Trabalho de Luziania/GO, foi decretada a indisponibilidade de bens de ESTUB – SISTEMAS CONSTRUTIVOS LTDA. Consta na Av.08 desta matrícula que nos autos do Processo nº 01005675820195010054, em trâmite na Vara do Trabalho de Rio de Janeiro/RJ, foi decretada a indisponibilidade de bens de ESTUB – SISTEMAS CONSTRUTIVOS LTDA. Consta na Av.09 desta matrícula que nos autos do Processo nº 1000406052185020321, em trâmite no Grupo Auxiliar de Execução e Pesquisa Patrimonial - GAEPP/SP, foi decretada a indisponibilidade de bens de ESTUB – SISTEMAS CONSTRUTIVOS LTDA. Consta na Av.10 desta matrícula que nos autos do Processo nº 10010170420175020317, em trâmite no Grupo Auxiliar de Execução e Pesquisa Patrimonial - GAEPP/SP, foi decretada a indisponibilidade de bens de ESTUB – SISTEMAS CONSTRUTIVOS LTDA. Consta na Av.11 desta matrícula que nos autos do Processo nº 10003171120155020313, em trâmite no Grupo Auxiliar de Execução e Pesquisa Patrimonial - GAEPP/SP, foi decretada a indisponibilidade de bens de ESTUB – SISTEMAS CONSTRUTIVOS LTDA. Débito desta ação no valor de R$ 31.302,64 (junho/2021)."
Mega Leilões,Apartamento,"R$ 117.900,00",https://www.megaleiloes.com.br/imoveis/apartamentos/rj/rio-de-janeiro/apartamento-56-m2-unid-712-itanhanga-rio-de-janeiro-rj-x70723,"Apartamento, ITANHANGÁ, Desocupado, 56.00 M² de área construída. Matrícula nº 231934, 9 ORI RIO DE JANEIRO, Inscrição Prefeitura 29989035. Valor avaliado R$205.000,00. DESOCUPADO"
Mega Leilões,Terreno,"R$ 63.600,00",https://www.megaleiloes.com.br/imoveis/imoveis-comerciais/rj/rio-de-janeiro/sala-comercial-21-m2-unid-602-pechincha-rio-de-janeiro-rj-x70741,"Sala, Unidade 602, PECHINCHA, Ocupado, 5427.00 M² de área de terreno, 21.00 M² de área construída, 21.00 M² de área útil, 21.00 M² de área privativa, 5427.00 M² de área total. Matrícula nº 390755, 9º CRI DE RIO DE JANEIRO, Inscrição Prefeitura 3.251.719-5. IPTU anual R$ 1.027,00, valor de condomínio mensal R$ 582,00.Venda Condicional (valor de venda sob aprovação do vendedor) OCUPADO."
Mega Leilões,Casa,"R$ 231.000,00",https://www.megaleiloes.com.br/imoveis/casas/rj/macae/casa-178-m2-lagoa-macae-rj-x70693,"Casa, LAGOA, Desocupado, contendo 2 dormitório(s), 1 banheiro(s), 200.00 M² de área de terreno, 178.27 M² de área construída. Matrícula nº 41780, 2º CRI DE MACAE, Inscrição Prefeitura 01.8.033.0348.0002. IPTU anual R$ 984,88, valor avaliado R$375.000,00.Venda Condicional (valor de venda sob aprovação do vendedor)  DESOCUPADO"
Mega Leilões,Apartamento,"R$ 102.500,00",https://www.megaleiloes.com.br/imoveis/apartamentos/rj/volta-redonda/apartamento-45-m2-unid-10-sao-joao-volta-redonda-rj-x70698,"Apartamento, SAO JOAO, Ocupado, 45.28 M² de área útil, 45.28 M² de área privativa, 7.77 M² de área comum, 53.05 M² de área total. Matrícula nº 15259, 1º CRI DE VOLTA REDONDA, Inscrição Prefeitura 3.094.0029.009-2. IPTU anual R$ 232,66, valor avaliado R$194.000,00. OCUPADO."
Mega Leilões,Não Identificado,"R$ 50.100,00",https://www.megaleiloes.com.br/imoveis/imoveis-comerciais/rj/rio-de-janeiro/sala-comercial-21-m2-unid-537-pechincha-rio-de-janeiro-rj-x70705,"Sala, PECHINCHA, Desocupado, 21.00 M² de área útil, 21.00 M² de área privativa, 5427.00 M² de área total. Matrícula nº 390751, 9º CRI DO RIO DE JANEIRO, Inscrição Prefeitura 32517070. IPTU anual R$ 1.148,00, valor de condomínio mensal R$ 553,00. Localizado no Fusion Offices Tower, próximo ao Senai, Bancos, restaurantes e da Linha Amarela do Metrô.Venda Condicional (valor de venda sob aprovação do vendedor) DESOCUPADO."
Mega Leilões,Casa,"R$ 20.824.362,09",https://www.megaleiloes.com.br/imoveis/casas/rj/rio-de-janeiro/casa-1574-m2-santa-teresa-rio-de-janeiro-rj-x70590,"Rio de Janeiro-RJ. Br. Santa Teresa. Rua Almirante Alexandrino, nº 2.785 - área “E”, com numeração suplementar pela Rua Dr. Júlio Otoni, nº 516. CASA. Área construída estimada no local de 1.574,00m² (lançada no Cadastro Municipal 1.024,00m²) e fração ideal de 2842/10.000 do terreno. Matr. 167.568 do 9º RI local e Inscrição Municipal nº 0241157-7. Obs.: (i) no preambulo da citada matrícula consta que a área é atingida por uma servidão com 1.686,38 metros de extensão e uma largura média de 4,62 metros; (ii) construção pendente de averbação na matrícula. Regularização e encargos perante os órgãos competentes, inclusive de eventual divergências de áreas que vierem a ser apuradas no local, correrão por conta do comprador; (iii) consta nas AVs-14 e 16 da matrícula acima, distribuição de Ação de Execução, bem como Penhora no R-15, cujas baixas serão realizadas pelo Vendedor, sem prazo determinado; (iii) Obs.: O Vendedor teve o conhecimento da existência da Ação Anulatória C/C Pedido de Tutela de Urgência em trâmite perante a 34ª Vara Cível da Comarca da Capital do Estado do Rio de Janeiro/RJ, processo nº 0173787-33.2021.8.19.0001, informando que ainda não foi citado. O Vendedor reponde pelo resultado da ação de acordo com os critérios e limites estabelecidos no edital.  (iv) Ocupada (AF)."
Mega Leilões,Casa,"R$ 6.468.000,00",https://www.megaleiloes.com.br/imoveis/casas/rj/rio-de-janeiro/casa-em-condominio-1539-m2-itanhanga-rio-de-janeiro-rj-x70740,"Casa em Condomínio, CONDOMÍNIO JARDINS DO ITANHANGÁ, ITANHANGÁ, Desocupado, 1539.00 M² de área útil, 6064.00 M² de área total. Matrícula nº 275764, 9º CRI RIO JANEIRO, Inscrição Prefeitura 2547313. IPTU anual R$ 36.221,60, valor de condomínio mensal R$ 1.850,00, valor avaliado R$14.000.000,00.Venda Condicional (valor de venda sob aprovação do vendedor) DESOCUPADO"
Mega Leilões,Residencial,"R$ 50.900,00",https://www.megaleiloes.com.br/imoveis/casas/rj/sao-goncalo/casa-49-m2-amendoeira-sao-goncalo-rj-x70721,"Casa, AMENDOEIRA, Ocupado, 360.00 M² de área de terreno, 49.00 M² de área construída. Matrícula nº 11428, 3º CRI DE SÃO GONÇALO, Inscrição Prefeitura 539684000. IPTU anual R$ 339,20, valor avaliado R$110.000,00. BAIRRO RESIDENCIAL, COM TODOS OS MELHORAMENTOS PÚBLICOS E COMÉRCIO LOCAL.Venda Condicional (valor de venda sob aprovação do vendedor)  OCUPADO"
Mega Leilões,Terreno,"R$ 1.900.000,00",https://www.megaleiloes.com.br/imoveis/terrenos-e-lotes/rj/rio-de-janeiro/terreno-5535-m2-freguesia-jacarepagua-rio-de-janeiro-rj-x70636,"Lote, FREGUESIA (JACAREPAGUA), Desocupado, 5535.00 M² de área de terreno, 5535.00 M² de área construída. Matrícula nº 161009, 9º CRI DO RIO DE JANEIRO. DESOCUPADO"
Mega Leilões,Galpão,"R$ 6.990.000,00",https://www.megaleiloes.com.br/imoveis/galpoes/rj/macae/galpao-4472-m2-imboassica-macae-rj-x70630,"Galpão, IMBOASSICA, Desocupado, 66666.00 M² de área de terreno, 4472.41 M² de área construída, 4472.00 M² de área útil. Matrícula nº 31579, 2º CRI DE MACAÉ, Inscrição Prefeitura 161333930001. IPTU anual R$ 243.707,00. REGIÃO COM VOCAÇÃO EMPRESARIAL, VOLTADA PARA PERFIL PETROLEIRO, DESTACANDO A PROXIMIDADE DA REFINARIA PETROBRÁS.Venda Condicional (valor de venda sob aprovação do vendedor) DESOCUPADO."
Mega Leilões,Terreno,"R$ 3.800.000,00",https://www.megaleiloes.com.br/imoveis/imoveis-comerciais/rj/rio-de-janeiro/sala-comercial-815-m2-unid-202-jacarepagua-rio-de-janeiro-rj-x70631,"Sala, JACAREPAGUA, Desocupado, contendo 20 vaga(s) de garagem, 15499.00 M² de área de terreno, 815.00 M² de área útil, 815.00 M² de área privativa. Matrícula nº 274214, 9º CRI DO RIO DE JANEIRO, Inscrição Prefeitura 30232946. IPTU anual R$ 48.276,00, valor de condomínio mensal R$ 23.046,00. Excelente Localização, próximo ao Rio Oficce Park, acesso a linha Amarela, vocação para escritórios corporativos, SALA 202 - Com direito a 20 vagas de garagem situados no 1º subsolo de números 26 a 33; 72 a 75; 100 a 102 e 110 a 114.* Área privativa: 815,00m² (na Prefeitura).Venda Condicional (valor de venda sob aprovação do vendedor)"
Mega Leilões,Não Identificado,"R$ 3.800.000,00",https://www.megaleiloes.com.br/imoveis/imoveis-comerciais/rj/rio-de-janeiro/sala-comercial-821-m2-unid-302-jacarepagua-rio-de-janeiro-rj-x70614,"Sala, JACAREPAGUA, Desocupado, 821.00 M² de área útil. Matrícula nº 274215, 9º CRI DO RIO DE JANEIRO, Inscrição Prefeitura 30232961. IPTU anual R$ 48.626,00, valor de condomínio mensal R$ 17.813,00.Venda Condicional (valor de venda sob aprovação do vendedor) DESOCUPADO"
Mega Leilões,Não Identificado,"R$ 950.000,00",https://www.megaleiloes.com.br/imoveis/imoveis-comerciais/rj/rio-de-janeiro/sala-comercial-107-m2-unid-207-barra-da-tijuca-rio-de-janeiro-rj-x70624,"Sala, BARRA DA TIJUCA, Desocupado, contendo 5 vaga(s) de garagem, 107.00 M² de área útil, 107.00 M² de área privativa, 107.00 M² de área total. Matrícula nº 375139, 9º CRI DO RIO DE JANEIRO, Inscrição Prefeitura 3.244.549-6. IPTU anual R$ 10.874,00, valor de condomínio mensal R$ 5.895,00. DISTRIBUIÇÃO INTERNA: UM ESCRITÓRIO E BANHEIRO. COM DIREITO A CINCO VAGAS DE GARAGEM COBERTAS SITUADAS INDISTINTAMENTE NO 1º OU 2º SUBSOLOS, CONFORME MATRÍCULA. 0.Venda Condicional (valor de venda sob aprovação do vendedor) DESOCUPADO"
Mega Leilões,Comercial,"R$ 630.000,00",https://www.megaleiloes.com.br/imoveis/imoveis-comerciais/rj/sao-joao-de-meriti/imovel-comercial-157-m2-centro-sao-joao-de-meriti-rj-x70617,"Loja/Salão Comercial, CENTRO, Desocupado, 157.10 M² de área útil, 151.00 M² de área privativa, 375.00 M² de área total. Matrícula nº 17550, 1º CRI SÃO JOÃO DE MERITI, Inscrição Prefeitura 10146. IPTU anual R$ 3.498,16, valor de condomínio mensal R$ 43,00.Venda Condicional (valor de venda sob aprovação do vendedor)"
Mega Leilões,Residencial,"R$ 78.200,00",https://www.megaleiloes.com.br/imoveis/casas/rj/duque-de-caxias/casa-69-m2-unid-03-jardim-primavera-duque-de-caxias-rj-x70733,"Casa, Unidade n° 03, JARDIM PRIMAVERA, Ocupado, contendo 2 dormitório(s), 1 banheiro(s), 305.00 M² de área de terreno, 69.38 M² de área construída. Matrícula nº 34742, 1º CRI DE DUQUE DE CAXIAS, Inscrição Prefeitura 24173042003. IPTU anual R$ 482,38, valor avaliado R$145.000,00. BAIRRO RESIDENCIAL COM TODOS OS MELHORAMENTOS PÚBLICOS E COMÉRCIO LOCAL, PROXIMO  A REDE BANCARIA E SHOPPING. Venda Condicional (valor de venda sob aprovação do vendedor)  OCUPADO"
Mega Leilões,Comercial,"R$ 53.100,00",https://www.megaleiloes.com.br/imoveis/imoveis-comerciais/rj/sao-goncalo/sala-comercial-21-m2-unid-803-raul-veiga-sao-goncalo-rj-x70739,"Sala, Unidade 803, RAUL VEIGA, Desocupado, 21.59 M² de área útil, 21.00 M² de área privativa, 15.00 M² de área comum, 37.00 M² de área total. Matrícula nº 66489, 3º CRI DE SÃO GONÇALO, Inscrição Prefeitura 844750024. IPTU anual R$ 1.012,63, valor de condomínio mensal R$ 416,27, valor avaliado R$114.800,00. IMÓVEL COMERCIAL, COM TODOS OS MELHORAMENTOS PÚBLICOS E COMÉRCIO LOCAL.Venda Condicional (valor de venda sob aprovação do vendedor) DESOCUPADO."
Mega Leilões,Galpão,"R$ 9.200.000,00",https://www.megaleiloes.com.br/imoveis/galpoes/rj/niteroi/galpao-11206-m2-santa-barbara-niteroi-rj-x70615,"Galpão, SANTA BARBARA, Desocupado, 11206.00 M² de área de terreno, 11206.00 M² de área construída, 4295.00 M² de área privativa. Matrícula nº 24777 / 24778, 14º CRI DE NITERÓI, Inscrição Prefeitura 0823914. IPTU anual R$ 100,00. DESOCUPADO."
Mega Leilões,Apartamento,"R$ 115.500,00",https://www.megaleiloes.com.br/imoveis/apartamentos/rj/rio-de-janeiro/apartamento-60-m2-unid-202-taquara-rio-de-janeiro-rj-x70726,"Apartamento, TAQUARA, Ocupado, contendo 2 dormitório(s), 1 banheiro(s), 60.00 M² de área útil, 60.00 M² de área privativa. Matrícula nº 181109, 9º CRI RIO DE JANEIRO, Inscrição Prefeitura 1.902.006-4. IPTU anual R$ 422,00, valor avaliado R$200.000,00.Venda Condicional (valor de venda sob aprovação do vendedor) OCUPADO"
Bias Leilões,Apartamento,"R$1.491.806,67",https://www.biasileiloes.com.br//sale/detail?id=28582,Apartamento em Jacarepaguá Rio de Janeiro/RJ
Bias Leilões,Apartamento,"R$65.000,00",https://www.biasileiloes.com.br//sale/detail?id=28358,Apartamento no Parque Joquei Club em Campos dos Goytacazes/RJ
Bias Leilões,Comercial,"R$139.900,00",https://www.biasileiloes.com.br//sale/detail?id=28610,Sala Comercial na Barra da Tijuca - Rio de Janeiro/RJ
Bias Leilões,Comercial,"R$129.900,00",https://www.biasileiloes.com.br//sale/detail?id=28612,Sala Comercial em Taquara - Rio de Janeiro/RJ
Bias Leilões,Comercial,"R$64.900,00",https://www.biasileiloes.com.br//sale/detail?id=28617,Sala Comercial no Jardim Imperial em Itaboraí/RJ
Bias Leilões,Casa,"R$319.900,00",https://www.biasileiloes.com.br//sale/detail?id=28620,Casa em Lins de Vasconcelos - Rio de Janeiro/RJ
Bias Leilões,Apartamento,"R$749.900,00",https://www.biasileiloes.com.br//sale/detail?id=28622,Apartamento no Centro de Nova Iguaçu/RJ
Bias Leilões,Comercial,"R$349.900,00",https://www.biasileiloes.com.br//sale/detail?id=28625,Loja/Salão Comercial em Ipanema - Rio de Janeiro/RJ
Bias Leilões,Apartamento,"R$99.900,00",https://www.biasileiloes.com.br//sale/detail?id=28628,Apartamento em Coelho - São Gonçalo/RJ
Bias Leilões,Apartamento,"R$419.900,00",https://www.biasileiloes.com.br//sale/detail?id=28630,Apartamento Duplex em Glória - Macaé/RJ
Bias Leilões,Casa,"R$99.900,00",https://www.biasileiloes.com.br//sale/detail?id=28638,Casa em Laranjal - São Gonçalo/RJ
Bias Leilões,Comercial,"R$59.900,00",https://www.biasileiloes.com.br//sale/detail?id=28641,Sala Comercial em Raul Veiga - São Gonçalo/RJ
Bias Leilões,Comercial,"R$69.900,00",https://www.biasileiloes.com.br//sale/detail?id=28642,Sala Comercial em Raul Veiga - São Gonçalo/RJ
Bias Leilões,Apartamento,"R$274.900,00",https://www.biasileiloes.com.br//sale/detail?id=28644,Apartamento em Jacarepaguá - Rio de Janeiro/RJ
Bias Leilões,Casa,"R$134.900,00",https://www.biasileiloes.com.br//sale/detail?id=28651,Casa em Maria Paula - São Gonçalo/RJ
Bias Leilões,Apartamento,"R$69.900,00",https://www.biasileiloes.com.br//sale/detail?id=28654,Apartamento em Paciência - Rio de Janeiro/RJ
Bias Leilões,Comercial,"R$89.900,00",https://www.biasileiloes.com.br//sale/detail?id=28657,Sala Comercial no Centro do Rio de Janeiro/RJ
Bias Leilões,Casa,"R$219.900,00",https://www.biasileiloes.com.br//sale/detail?id=28660,Casa em Senador Camara - Rio de Janeiro/RJ
Bias Leilões,Comercial,"R$69.900,00",https://www.biasileiloes.com.br//sale/detail?id=28663,Sala Comercial em Taquara - Rio de Janeiro/RJ
Bias Leilões,Chácara,"R$349.990,00",https://www.biasileiloes.com.br//sale/detail?id=28667,Casa de Condomínio em Chácaras de Inoa - Maricá/RJ
Santa Catarina leilões,Terreno,"R$ 100.000,00",http://www.santacatarinaleiloes.com.br/lotes/index/id/18,"Terreno urbano, representado pelo lote nº 004A da quadra 003, do Loteamento Osvaldo Bruch (Agrupamento Corticeira III), situado na Rua Hermínio Stringari, bairro Corticeira, em Guaramirim/SC, contendo a área de 316,00m², com a seguinte descrição: Imóvel de frente medindo 16,10m para a Rua sem denominação oficial, de quem da referida rua olha o imóvel, pela lateral direita onde mede 20,30m, confronta com o lote nº 004B, pela lateral esquerda onde mede 20,10m confronta com o lote nº 003, e no travessão fundos onde mede 15,20m confronta com o Loteamento Valquiria Bruch, fechando o perímetro com a extensão total de 71,70m, matrícula nº 29.660 do CRI da Comarca de Guaramirim/SC"
Leilões Judiciais,Terreno,"R$ 35.000,00",http://www.rioleiloes.com.br/externo/lote/detalhes/2497334,"Terreno de no. 01 da quadra “N”, do loteamento denominado JardimFlamboyant (prolongamento), situado na Praia de Grussaí, no 1o Distrito do município de de São João da Barra/RJ, na Rua Projetada no. 05, medindo 12,00 metros de largura na frente e nos fundos por 30,00 metros de comprimento em ambos os lados, equivalente a 360,00m2 (trezentos e sessenta metros quadrados), confrontando-se pela frente com a Rua Projetada 5, pelos fundos com a mesma proprietária, pelo lado direito com a área reservada para a PMSJB e finalmente pelo lado esquerdo com o lote no. 02. Imóvel Inscrito na PMSJB sob o no. 068.640 e matriculado sob o no. 7.231 no Cartório de Registro de Imóveis da Comarca de São João da Barra/RJ. (PARCELÁVEL ATRAVÉS DO ART. 895 DO CPC) (Proc. 5000619-95.2018.4.02.5115; 5000634-64.2018.4.02.5115) (R$ 70.000,00)Obs.: Imóvel sem edificação e benfeitorias, imóvel não é cercado nas laterais e frente, há apenas cerca nos fundos. Imóvel situado em área sem pavimentação, com acesso à iluminação pública. SAO JOAO DA BARRA/RJ"
Leilões Judiciais,Fazenda,"R$ 25.000,00",http://www.rioleiloes.com.br/externo/lote/detalhes/2497333,"Imóvel constituído pela área de no. 28, desmembrada da área remanescente que por sua vez foi desmembrada da área remanescente no. 4 do Loteamento Fazenda Albuquerque, em Albuquerque, na cidade de Teresópolis/RJ, com as seguintes medidas e confrontações: 27,00 metros de frente, em reta e curva, para a Estrada “V” 25,00 metros nos fundos em divisa com a área desmembrada 34; 44,30 metros do lado direito em divisa com área desmembrada 27 e 46,20 metros do ladoesquerdo com divisa com a área desmembrada 29, tendo a área de 1.162,00m2 (um mil, cento e sessenta e dois metros quadrados). Imóvel matriculado sob o no. 25.592 no Cartório de Registro de Imóveis do 1o Ofício da Comarca de Teresópolis/RJ. (PARCELÁVEL ATRAVÉS DO ART. 895 DO CPC) (Proc. 0000039-10.2005.4.02.5115) (R$ 50.000,00) TERESOPOLIS/RJ"
Leilões Judiciais,Galpão,"R$ 150.000,00",http://www.fabioleiloes.com.br/externo/lote/detalhes/2497202,"Parte ideal de 50% sobre terreno c/ 405m², c/ galpão e demais benfs., lote 147, R. Dr. Armando Alves Barreira Cravo, B. Santa Marina, Inscr. Mun. 5.071.0008.000.5, 2º CRI 16.242. (PARCELÁVEL) (Proc. 0000421-62.2012.5.01.0342) (R$ 300.000,00) VOLTA REDONDA/RJ"
Leilões Judiciais,Loja,"R$ 60.000,00",http://www.fabioleiloes.com.br/externo/lote/detalhes/2495086,"Loja 958-A c/ 21m², Av. do Contorno, 958, B. do Triângulo, 2º CRI 8.710. (PARCELÁVEL) (Proc. 0001864-34.2014.5.01.0421) (R$ 120.000,00) VALÊNCIA/RJ"
Leilões Judiciais,Loja,"R$ 60.000,00",http://www.fabioleiloes.com.br/externo/lote/detalhes/2495087,"Loja 958-B c/ 20,60m², Av. do Contorno, 958, B. do Triângulo, 2º CRI 8.710. (PARCELÁVEL) (Proc. 0001864-34.2014.5.01.0421) (R$ 120.000,00) VALENCA/RJ"
Leilões Judiciais,Prédio,"R$ 150.000,00",http://www.fabioleiloes.com.br/externo/lote/detalhes/2497203,"Parte ideal de 50% sobre prédio res., terreno c/ 405m², lote 148, R. Dr. Armando Alves Barreira Cravo, B. Santa Marina, Inscr. Mun. 5.071.0009.000.0, 2º CRI 16.243. (PARCELÁVEL) (Proc. 0000421-62.2012.5.01.0342) (R$ 300.000,00) VOLTA REDONDA/RJ"
Leilões Judiciais,Sítio,"R$ 350.000,00",http://www.fabioleiloes.com.br/externo/lote/detalhes/2496462,"Sítio c/ 50,82 hectares, terra de pastagem, Sta. Madalena, Alto da Aldeia, Taboas, Cad. INCRA 517.046.004014-1, CRI 1.415. (PARCELÁVEL) (Proc. 0002983-64.2013.5.01.0421) (R$ 350.000,00) RIO DAS FLORES/RJ"
Leilões Judiciais,Fazenda,"R$ 25.000,00",http://www.rioleiloes.com.br/externo/lote/detalhes/2497332,"Imóvel constituído pela área no. 27, desmembrada da área remanescente que por sua vez foi desmembrada da área remanescente no. 4 do Loteamento Fazenda Albuquerque, em Albuquerque, na cidade de Teresópolis/RJ, com as seguintesmedidas e confrontações: 40,00 metros de frente, em curva, para a Estrada “V”; 25,00 metros nos fundos em divisa com a área desmembrada 34; 62,00 metros do lado direito em divisa com a área desmembrada 35 e 44,30 metros do lado esquerdo em divisa com a área desmembrada 28, tendo a área de 1.325,00m2 (um mil, trezentos e vinte e cinco metros quadrados). Imóvel matriculado sob o no. 25.591 no Cartório de Registro de Imóveis do 1o Ofício da Comarca de Teresópolis/RJ. (PARCELÁVEL ATRAVÉS DO ART. 895 DO CPC) (Proc. 0000039-10.2005.4.02.5115) (R$ 50.000,00) TERESOPOLIS/RJ"
Leilões Judiciais,Terreno,"R$ 3.646,31",http://www.rioleiloes.com.br/externo/lote/detalhes/2497327,"Área desmembrada II, do Lote no 03, desmembrado da parte restante da área RM/3, situada na posse, 1o Distrito do Município de Teresópolis/RJ, terreno de forma triangular com 20,00 metros de frente sobre a Estrada Particular; 28,00 metros nos fundos em divisa com o lote no. 01, tendo a área de 163,00m2 (cento e sessenta e três metros quadrados). Imóvel matriculado sob no 19.488 no Cartório de Registro de Imóveis 3 o Ofício da Comarca de Teresópolis/RJ . (PARCELAMENTO DA ARREMATAÇÃO PELA FN ATÉ O VALOR DE R$ 639.021,92, O RESTANTE DEVERÁ SER PAGO À VISTA) (Proc. 0000522-79.2001.4.02.5115) (R$ 7.292,62)(Obs.: Imóvel sem benfeitorias) TERESOPOLIS/RJ"
Leilões Judiciais,Apartamento,"R$ 200.000,00",http://www.rioleiloes.com.br/externo/lote/detalhes/2495392,"Apartamento de campo 217 e 02 vagas de garagem c/ 86m², Bloco B, Res. das Palmeiras, Cond. Res. Lagos de Itaipava, 11º CRI 20.393 de Petrópolis/RJ. (PARCELÁVEL) (Proc. 0002294-90.2009.4.02.5117) (R$ 400.000,00) PETROPOLIS/RJ"
Leilões Judiciais,Lote,"R$ 117.822,79",http://www.rioleiloes.com.br/externo/lote/detalhes/2497325,"Imóvel constituído pelo Lote no 1-A, desmembrado do Lote no. 01, o qual porsua vez, foi desmembrado da área RM/3 (parte restante), na Posse, na cidade de Teresópolis/RJ, medindo 70,20 metros de frente para a estrada Alpina; lado direito, em dois segmentos de 72,41 metros, na divisa com o lote no. 03, e o segundo de 5,08 metros, fazendo divisa com uma estrada particular, do lado esquerdo mede 66,65 metros, fazendo divisa com o lote no. 01 (remanescente), e nos fundos, mede 80,24 metros, e divisa com o lote no. 02, com área de 5.267,00m2 (cinco mil, duzentos e sessenta e sete metros quadrados). Imóvel matriculado sob no 7.984 no Cartório de Registro de Imóveis do 3o Ofício da Comarca de Teresópolis/RJ. (PARCELAMENTO DA ARREMATAÇÃO PELA FN ATÉ O VALOR DE R$ 639.021,92, O RESTANTE DEVERÁ SER PAGO À VISTA) (Proc. 0000522-79.2001.4.02.5115) (R$ 235.645,58)(Obs.: Imóvel sem benfeitorias) TERESOPOLIS/RJ"
Leilões Judiciais,Apartamento,"R$ 215.000,00",http://www.rioleiloes.com.br/externo/lote/detalhes/2495395,"Lote c/: A) Casa 11 c/ 82,55m², Cond. Vivenda Miramar, Av. Oceânica, 161, Jd. Miramar, Barra do São João, 2º Subdistr. de Casimiro de Abreu/RJ, CRI 9.289; B) Apartamento 101 c/ 70m², Bloco D, Cond. Vivendas do Vale, R. Felipe Camarão, 1.242, Ponte da Saudade, 1º CRI 17.778. (Unificação dos lotes 02 e 03) (PARCELÁVEL) (Proc. 0169051-30.2016.4.02.5117) (R$ 430.000,00) CASIMIRO DE ABREU/RJ"
Leilão VIP,Comercial,"R$ 815.000,00",https://www.leilaovip.com.br/lote/imovel-imovel-comercial-centro-nova-iguacu-rio-de-janeiro-484637,"Imóvel comercial. Áreas totais: terr. 108,00m²; constr. 229,82m² (IPTU)  Matrícula 34.942 do RI da 1ª Circunscrição local. Inscrição municipal: 00055670 – Inscr. Cartográfica: 001.103.0298.001 Imóvel comercial com renda, locado com contrato de locação vencível em 31/10/2022 – aluguel mensal atual R$ 10.350,00 (corresponde a 1,27% do valor atribuído para venda). Excelente ponto comercial, localizado em movimentado corredor comercial e de serviços, em frente à Secretaria de Assistência Social de Nova Iguaçu. 4 salas, copa/cozinha, 3 banheiros, garagem para 2 veículos  Valor de IPTU (anual): R$ 2.821,75 Obs.: Imóvel locado.  Visitação: agendar com o leiloeiro no telefone: 11 3093-5252 Lance Mínimo: R$ 815.000,00 CONDIÇÃO DE PAGAMENTO À vista na assinatura da escritura ou Financiamento Bancário (de acordo com as regras estabelecidas pela instituição financeira)"
Leilão VIP,Casa,"R$ 223.722,00",https://www.leilaovip.com.br/lote/imovel-casa-porto-do-rosa-sao-goncalo-rio-de-janeiro-484732,"Casa. Áreas totais: terr. 375,00m² e constr. 494,09m².  Matr. 27.553 do 3º RI local.  Obs.: Ocupada.(AF).   Lance Minimo: R$ 223.722,00"
Leilão VIP,Apartamento,"R$ 107.900,00",https://www.leilaovip.com.br/lote/imovel-casa-centro-nilopolis-rio-de-janeiro-485175,"Casa 07 - Apto. 101 - IMÓVEL OCUPADO Área construída: 117,76m². Área de participação condominial: 171,91 m².  Matr.: 17.474 do 1º CRI local. Obs.; Eventual regularização de divergência das áreas entre a real construída, a cadastrada na prefeitura e a cadastrada na matrícula, assumindo providências, seus custos e eventuais tributos cobrados retroativamente pelo órgão, ficarão a cargo do arrematante. Em virtude da ocupação, não foi possível obter a distribuição interna da unidade, cabendo ao arrematante esta averiguação, isentando o vendedor de qualquer responsabilidade. Lance Mínimo: R$ 107.900,00"
Leilão VIP,Apartamento,"R$ 925.000,00",https://www.leilaovip.com.br/lote/imovel-apartamento-jacarepagua-rio-de-janeiro-rio-de-janeiro-484635,"Ap. 1206 (cobertura), com direito ao uso indistinto de 02 vagas de garagem situadas no subsolo. Residencial Provence, Edifício Nines, Bloco 02. Apartamento. Área constr. 170m² (conforme IPTU) Matrícula 230.481 do 9º RI local. Cadastro municipal: 3.045.964-8 4 dormitórios, sendo 2 suítes, salas de estar e jantar integradas com espetacular varanda, home theater contendo terraço com churrasqueira e piscina privativa, lavabo, área de serviço, armários embutidos, banheiro de empregada, cozinha e lavanderia. Apartamento com ar condicionado. O Condomínio RIO2 é uma oportunidade única, localizado em frente ao sistema BRT-Metrô RIO, na parte mais sustentável da cidade, onde você terá contato com a natureza, praias excelentes, tranquilidade, segurança e fácil acesso a todos os lugares mais importantes da cidade através de linhas próprias de transporte.  Portaria 24 horas, quadra poliesportiva, academia completa, área gourmet, salão de festas, play-ground, ciclovia interna, sauna, hidromassagem, piscina semiolímpica no condomínio e espaço fitness. Lazer total e segurança integrada. Obs.: Imóvel ocupado pelo proprietário – desocupação em 60 dias após o pagamento e formalização da venda  Valor de IPTU (anual): R$ 2.273,40 Valor do condomínio (mensal): R$ 2.100,00 Visitação: agendar com o leiloeiro no telefone: 11 3093-5252 Lance Mínimo: R$ 925.000,00 CONDIÇÃO DE PAGAMENTO À vista na assinatura da escritura ou Financiamento Bancário (de acordo com as regras estabelecidas pela instituição financeira)"
Leilão VIP,Residencial,"R$ 7.000.000,00",https://www.leilaovip.com.br/lote/imovel-terreno-gloria-macae-rio-de-janeiro-484618,"Terreno. Área total: 9.692,00m²  Matrícula 1.356 do Cartório do 2º Ofício de Registro de Imóveis local Cadastro municipal: 01.6.033.0808.0001 Valor de IPTU (anual): R$ 17.369,66 Excelente terreno em bairro residencial servido por variado comércio local. Todo murado. Obs.: Desocupado  Lance Mínimo: R$ 7.000.000,00 CONDIÇÃO DE PAGAMENTO À vista, na assinatura da escritura."""
Leilão VIP,Loja,"R$ 2.200.000,00",https://www.leilaovip.com.br/lote/imovel-sala-comercial-gavea-rio-de-janeiro-rio-de-janeiro-484615,"Loja. Áreas totais: 97,00m², sendo loja 77,00m² e jirau com 20m².  Matrícula 2.784 do 2º Ofício de Registro de Imóveis do Rio de Janeiro-RJ Cadastro municipal: 1.326.773-7 Valor de IPTU (anual): R$ 16.368,00 Valor do condomínio mensal: R$ 4.772,00 Loja em ponto privilegiado do segundo piso, de frente para a Rua Marquês de São Vicente, com ampla e destacada visibilidade. Próxima a escadas rolantes e elevadores, com ar condicionado. O Shopping da Gávea fica próximo à Praça Santos Dumont, ao Jóckey Club, Planetário e PUC. O Shopping foi inaugurado em 1975. Possui 250 lojas, 33 opções gastronômicas, 4 salas de teatro, 5 salas de cinema, bancos, salões de beleza, academia, consultórios médicos, laboratórios de análises clínicas, embelezamento automotivo, 2 parques infantis, 3 pisos de estacionamento com 900 vagas. Excelente investimento.  Obs.: Desocupada.  Visitação: agendar com o leiloeiro no telefone: 11 3093-5252 Lance Mínimo: R$ 2.200.000,00 CONDIÇÃO DE PAGAMENTO À vista, na lavratura da escritura."
Leilão VIP,Casa,"R$ 1.100.000,00",https://www.leilaovip.com.br/lote/imovel-casa-campo-grande-rio-de-janeiro-rio-de-janeiro-484616,"Casas. Áreas totais: terr. 600,00m²; constr. estimada in loco: 280,00m² (conforme IPTU: casa 81: 50,00m² e casa 81 fundos: 30,00m²).  Transcrição 38.405, Livro 3-BN, fls. 183 do 4º Ofício de Registro de Imóveis do Rio de Janeiro-RJ Cadastro municipal: 0.895.135-2 e 1.303.261-0 Valor de IPTU (anual): Isento Duas casas, sendo a casa da frente com 3 dorms., sendo um suíte, ampla copa/cozinha, sala, banh., varanda, área de serviço e espaço de garagem para 3 carros. A casa dos fundos possui 3 dorms., duas salas, banh., ampla cozinha, área de serviço, terraço e espaço de garagem para 3 carros. Amplo quintal nos fundos. Imóvel situado no centro de Campo Grande, a 5 minutos a pé da estação de Campo Grande, próximo a colégios, escolas, clínicas, hospitais e comércio em geral. Bom para clínicas, comércio ou investimento em locação. Terreno com possibilidade de construir 3,5 vezes = 2.100,00m². Estudo 1: 3,72 pavimentos (sem recuos laterais) ou Estudo 2: 6,74 pavimentos (com recuos laterais). Obs.: Venda de direitos decorrentes de cessão de direitos hereditários. Partilha dos proprietários não realizada pelos herdeiros. O negócio será formalizado por meio de escritura de cessão de direitos hereditários, incumbindo-se ao arrematante, por meios próprios, as providências e despesas necessárias à obtenção do título definitivo, sem que sejam atribuídas despesas aos cedentes.  Desocupação em 30 dias.  Visitação: agendar com o leiloeiro no telefone: 11 3093-5252 Lance Mínimo: R$ R$ 1.100.000,00 CONDIÇÃO DE PAGAMENTO À vista, na lavratura da escritura."
Leilão VIP,Casa,"R$ 126.500,00",https://www.leilaovip.com.br/lote/imovel-casa-vila-isabel-rio-de-janeiro-rio-de-janeiro-487822,"CASA - IMÓVEL OCUPADO Área Construída: 495,00m² Área terreno: 1.078,00m².  Matr. 45.610 do 10º CRI local.  Obs.: Eventual regularização de divergência das áreas entre a real construída, a cadastrada na prefeitura e a cadastrada na matrícula, assumindo eventuais custos e tributos cobrados retroativamente pelos órgãos, ficarão a cargo do arrematante. Em virtude da ocupação, não foi possível obter a distribuição interna da unidade, cabendo ao arrematante esta averiguação, isentando o vendedor de qualquer responsabilidade."
Leilões Judiciais,Fazenda,"R$ 50.000,00",http://www.rioleiloes.com.br/externo/lote/detalhes/2497331,"Imóvel constituído pela área no. 27, desmembrada da área remanescente que por sua vez foi desmembrada da área remanescente no. 4 do Loteamento Fazenda Albuquerque, em Albuquerque, na cidade de Teresópolis/RJ, com as seguintesmedidas e confrontações: 40,00 metros de frente, em curva, para a Estrada “V”; 25,00 metros nos fundos em divisa com a área desmembrada 34; 62,00 metros do lado direito em divisa com a área desmembrada 35 e 44,30 metros do lado esquerdo em divisa com a área desmembrada 28, tendo a área de 1.325,00m2 (um mil, trezentos e vinte e cinco metros quadrados). Imóvel matriculado sob o no. 25.591 no Cartório de Registro de Imóveis do 1o Ofício da Comarca de Teresópolis/RJ; Imóvel constituído pela área de no. 28, desmembrada da área remanescente que por sua vez foi desmembrada da área remanescente no. 4 do Loteamento Fazenda Albuquerque, em Albuquerque, na cidade de Teresópolis/RJ, com as seguintes medidas e confrontações: 27,00 metros de frente, em reta e curva, para a Estrada “V” 25,00 metros nos fundos em divisa com a área desmembrada 34; 44,30 metros do lado direito em divisa com área desmembrada 27 e 46,20 metros do ladoesquerdo com divisa com a área desmembrada 29, tendo a área de 1.162,00m2 (um mil, cento e sessenta e dois metros quadrados). Imóvel matriculado sob o no. 25.592 no Cartório de Registro de Imóveis do 1o Ofício da Comarca de Teresópolis/RJ. (Unificação dos lotes 08 e 09) (PARCELÁVEL ATRAVÉS DO ART. 895 DO CPC) (Proc. 0000039-10.2005.4.02.5115) (R$ 100.000,00) TERESOPOLIS/RJ"
Leilões Judiciais,Apartamento,"R$ 90.000,00",http://www.rioleiloes.com.br/externo/lote/detalhes/2495394,"Apartamento 101 c/ 70m², Bloco D, Cond. Vivendas do Vale, R. Felipe Camarão, 1.242, Ponte da Saudade, 1º CRI 17.778. (PARCELÁVEL) (Proc. 0169051-30.2016.4.02.5117) (R$ 180.000,00) NOVA FRIBURGO/RJ"
Leilões Judiciais,Lote,"R$ 9.842,80",http://www.rioleiloes.com.br/externo/lote/detalhes/2497326,"Imóvel com área de 440,00m2 (quatrocentos e quarenta metros quadrados), desmembrado da área RM/3 (parte restante), situada na posse, 1o Distrito de Teresópolis/RJ, começando na estrada Alpina e terminando na divisa com o lote no. 01, fazendo divisa do lado direito com José Pinto da Cruz e Gerard Dorrer e do lado esquerdo, fazendo divisa com o lote no. 03, tendo a largura de 5,00 metros, área essa que compreende uma estrada particular que servira os lotes no. 01 e 03. Imóvel matriculado sob no 7.655 no Cartório de Registro de Imóveis 3o Ofício da Comarca de Teresópolis/RJ. (PARCELAMENTO DA ARREMATAÇÃO PELA FN ATÉ O VALOR DE R$ 639.021,92, O RESTANTE DEVERÁ SER PAGO À VISTA) (Proc. 0000522-79.2001.4.02.5115) (R$ 19.685,60)(Obs.: Imóvel sem benfeitorias) TERESOPOLIS/RJ"
Leilões Judiciais,Casa,"R$ 4.068.750,00",http://www.fabioleiloes.com.br/externo/lote/detalhes/2495085,"Edificações, terreno c/ 54.250m², Rod. Lúcio Meira (BR-116), confrontando c/ Rio Paraíba do Sul, CRI 3.851. (PARCELÁVEL) (Proc. 0103336-73.2017.5.01.0421) (R$ 8.137.500,00) (Obs.: Há no local poucas benfeitorias, entre elas uma casa onde se situava o escritório da empresa, mas que não agrega valorização substancial ao terreno, vez que este escritório encontra-se em mau estado de conservação.) BARRA DO PIRAI/RJ"
Leilões Judiciais,Casa,"R$ 250.000,00",http://www.rioleiloes.com.br/externo/lote/detalhes/2495259,"Casa, terreno c/ 480m², lote 35, quadra 273, Rua 61, Lot. Jd. Atlântico, CRI 9.172. (PARCELÁVEL) (Proc. 0000588-82.2012.5.01.0244) (R$ 250.000,00) MARICA/RJ"
Leilões Judiciais,Prédio,"R$ 650.000,00",http://www.fabioleiloes.com.br/externo/lote/detalhes/2496461,"Prédio c/ 436,51m², terreno foreiro c/ 1.042,50m², Área A, R. Theodorico Fonseca c/ R. Castro Alves, 2º CRI 13.402. (PARCELÁVEL) (Proc. 0101045-37.2016.5.01.0421) (R$ 650.000,00) VALENCA/RJ"
Leilões Judiciais,Fazenda,"R$ 30.723.000,00",http://www.rioleiloes.com.br/externo/lote/detalhes/2497101,"Fazenda c/ 4.389,80 hectares, terras de cultura, pastagem e mata, c/ casas, galpões, depósitos e outras benfs., no Sítio São José do Batatal e Santa Fé, há 6Km de Cachoeiras de Macacu, 1º CRI 4.123. (PARCELÁVEL) (Proc. 0054434-25.1995.4.02.5107) (R$ 30.723.000,00) CACHOEIRAS DE MACACU/RJ"
Leilões Judiciais,Loja,"R$ 120.000,00",http://www.fabioleiloes.com.br/externo/lote/detalhes/2495088,"Loja 958-A c/ 21m², Av. do Contorno, 958, B. do Triângulo, 2º CRI 8.710; Loja 958-B c/ 20,60m², Av. do Contorno, 958, B. do Triângulo, 2º CRI 8.710. (Unificação dos lotes 02 e 03) (PARCELÁVEL) (Proc. 0001864-34.2014.5.01.0421) (R$ 240.000,00) BARRA DO PIRAI/RJ"
Leilões Judiciais,Apartamento,"R$ 242.339,42",http://www.rioleiloes.com.br/externo/lote/detalhes/2497329,"Parte pertencente ao executado Michael Souleyman Al Odeh, da fração ideal de 0,02685 correspondente ao apartamento no. 606, com direito a uma vaga de garagem do Condomínio do Edifício Green Hill, situado à Rua José Elias Zaquem, no. 1053, Agriões, na cidade de Teresópolis/RJ, contendo dois quartos, sala, banheiro, cozinha e área de serviço e uma vaga de garagem, com aproximadamente 66,60m2 (sessenta e seis metros e sessenta centímetros quadrados), do terreno denominado de área “C” resultante do desmembramento da área remanescente do remembramento e desmembramento do prédio e respectivo terreno situado na Rua José Elias Zaquem, no. 1033, parte dos lotes no. 06, 07 e 05, Agriões, na cidade de Teresópolis/RJ, com as seguintes medidas e confrontações: 20,00 metros de frente; 19,20 metros nos fundos em divisa com Sérgio Dantas e outros; 51,62 metros do lado direito em divisa com a área “B” e 48,10 metros do lado esquerdo em divisa com José Berman ou sucessores, com a área de 971,05m2 (novecentos e setenta e um metros e cinco centímetros quadrados). Imóvel matriculado sob o no. 10.553 no Cartório de Registro de Imóveis do 3o Ofício da Comarca de Teresópolis/RJ. (PARCELAMENTO DA ARREMATAÇÃO PELA FN ATÉ O VALOR DE R$ 29.339.188,53, O RESTANTE DEVERÁ SER PAGO À VISTA) (Proc. 0000353-09.2012.4.02.5115) (R$ 484.678,85) TERESOPOLIS/RJ"
Leilões Judiciais,Galpão,"R$ 300.000,00",http://www.fabioleiloes.com.br/externo/lote/detalhes/2497205,"Lote c/: A) Parte ideal de 50% sobre terreno c/ 405m², c/ galpão e demais benfs., lote 147, R. Dr. Armando Alves Barreira Cravo, 2º CRI 16.242; B) Parte ideal de 50% sobre prédio res., lote 148, R. Dr. Armando Alves Barreira Cravo, 2º CRI 16.243. (Unificação dos lotes 01 e 02) (PARCELÁVEL) (Proc. 0000421-62.2012.5.01.0342) (R$ 600.000,00) VOLTA REDONDA/RJ"
Leilões Judiciais,Apartamento,"R$ 484.678,85",http://www.rioleiloes.com.br/externo/lote/detalhes/2497328,"Parte pertencente ao executado Michael Souleyman Al Odeh, da fração ideal de 0,02685 correspondente ao apartamento no. 606, com direito a uma vaga de garagem do Condomínio do Edifício Green Hill, situado à Rua José Elias Zaquem, no. 1053, Agriões, na cidade de Teresópolis/RJ, contendo dois quartos, sala, banheiro, cozinha e área de serviço e uma vaga de garagem, com aproximadamente 66,60m2 (sessenta e seis metros e sessenta centímetros quadrados), do terreno denominado de área “C” resultante do desmembramento da área remanescente do remembramento e desmembramento do prédio e respectivo terreno situado na Rua José Elias Zaquem, no. 1033, parte dos lotes no. 06, 07 e 05, Agriões, na cidade de Teresópolis/RJ, com as seguintes medidas e confrontações: 20,00 metros de frente; 19,20 metros nos fundos em divisa com Sérgio Dantas e outros; 51,62 metros do lado direito em divisa com a área “B” e 48,10 metros do lado esquerdo em divisa com José Berman ou sucessores, com a área de 971,05m2 (novecentos e setenta e um metros e cinco centímetros quadrados). Imóvel matriculado sob o no. 10.553 no Cartório de Registro de Imóveis do 3o Ofício da Comarca de Teresópolis/RJ; Parte pertencente ao executado Michael Souleyman Al Odeh, da fração ideal de 0,02126 correspondente ao apartamento no. 701, com direito a uma vaga de garagem, do Condomínio do Edifício Green Hill, situado à Rua José Elias Zaquem, no. 1053, Agriões, na cidade de Teresópolis/RJ, contendo dois quartos, sala, banheiro, cozinha e área de serviço e uma vaga de garagem, com aproximadamente 66,60m2 (sessenta e seis metros e sessenta centímetros quadrados), do terreno denominado de área “C” resultante do desmembramento da área remanescente doremembramento e desmembramento do prédio e respectivo terreno situado na Rua José Elias Zaquem no. 1033, parte dos lotes 06, 07 e 05, Agriões, na cidade de Teresópolis/RJ, com as seguintes medidas e confrontações: 20,00 metros de frente; 19,20 metros nos fundos com divisa com Sérgio Dantas e outros; 51,62 metros do lado direito em divisa com a área “B” e 48,10 metros do lado esquerdo em divisa com José Berman ou sucessores, com a área de 971,05m2 (novecentos e setenta e um metros e cinco centímetros quadrados). Imóvel matriculados sob o no. 10.553 no Cartório de Registro de Imóveis do 3o Ofício da Comarca de Teresópolis/RJ. (PARCELAMENTO DA ARREMATAÇÃO PELA FN ATÉ O VALOR DE R$ 29.339.188,53, O RESTANTE DEVERÁ SER PAGO À VISTA) (Unificação dos lotes 06 e 07) (Proc. 0000353-09.2012.4.02.5115) (R$ 969.357,70) TERESOPOLIS/RJ"
Leilões Judiciais,Prédio,"R$ 950.000,00",http://www.rioleiloes.com.br/externo/lote/detalhes/2495360,"Prédio, terreno c/ aprox. 715m², R. Augusta Girardet, 249, Distr. de Andaraí, 10º CRI 1.102. (PARCELÁVEL) (Proc. 0100038-54.2017.5.01.0201) (R$ 950.000,00) RIO DE JANEIRO/RJ"
Leilões Judiciais,Casa,"R$ 125.000,00",http://www.rioleiloes.com.br/externo/lote/detalhes/2495393,"Casa 11 c/ 82,55m², Cond. Vivenda Miramar, Av. Oceânica, 161, Jd. Miramar, Barra do São João, CRI 9.289 de Rio das Ostras/RJ. (PARCELÁVEL) (Proc. 0169051-30.2016.4.02.5117) (R$ 250.000,00 CASIMIRO DE ABREU/RJ"
Leilões Judiciais,Residencial,"R$ 622.500,00",http://www.rioleiloes.com.br/externo/lote/detalhes/2497322,"Imóvel situado na Rua Padre José de Anchieta, no. 597, no Bairro BomRetiro, na cidade de Teresópolis/RJ, compreendendo prédio residencial, composto de sala, quatro quartos, cozinha, três banheiros, varanda, dependência de empregada, casa de caseiro com um quarto, banheiro e cozinha, e respectivos terrenos próprios, designados por lote no. 97 e 98, assim descritos e caracterizados: Lote no. 97: medindo 20,00 metros de frente para a continuação da Rua Padre José de Anchieta. 21,00 metros na linha dos fundos, confrontando com a vertente; 69,00 metros pela lateral direita, onde confronta com a servidão pública e caixad’água da prefeitura; e 64,50 metros pela lateral esquerda, confrontando com o terreno de João Maurício Quintella e sua mulher ou sucessores, com a área total de 1.335,00m2 (um mil, trezentos e trinta e cinco metros quadrados). Área desmembrada da maior porção no. 98, situado na Rua Padre José de Anchieta, no Parque Urarema, com área total de 1.225,00m2 (um mil, duzentos e vinte e cinco metros quadrados), medindo 20,00 metro de frente para citada rua; 21,00 metros na linha dos fundos, confrontando com a vertente; 64,50 metros pelo lado direito,confrontando com João Maurício Quintella e sua mulher e sucessores, e 58,00 metros pelo lado esquerdo, confrontando com o mesmo João Maurício Quintella e sua mulher. Obs.: De acordo com a vistoria in loco e dados da matrícula imobiliária, o imóvel consiste em um prédio residencial composto de sala, quatro quartos, cozinha, três banheiros, varanda dependência de empregada. Casa em regular estado de conservação. Uma casa de caseiro com um quarto, banheiro e cozinha. Casa com rachadura estrutural grave, sem possibilidade de reforma, necessitando demolir. O imóvel em questão localiza-se no centro da cidade. Acesso fácil epróximos aos comércios essenciais, como por exemplo: farmácias, supermercados, posto de combustíveis, igreja, loja de materiais de construção e outros. Terreno com área total de 2.560,00m2 (dois mil, quinhentos e sessenta metros quadrados). Construção de aproximadamente 40 anos. Foi verificado que a característica predominante é de construção residencial, de aproximadamente 400,00m2 (quatrocentos metros quadrados), se tratando de uma construção antiga onde necessita de reparos importantes, tendo em vista que o piso e azulejos de alguns cômodos estão avariados, alguns pontos da edificação encontra-se sem forro,algumas infiltrações, rachaduras, partes da instalação elétrica com fios aparentes e sua pintura desbotada em todo imóvel. Imóvel registrado no Cartório de Registro de Imóveis do 1o Ofício da Comarca de Teresópolis/RJ sob o no. 11.068. (PARCELAMENTO DA ARREMATAÇÃO PELA FN ATÉ O VALOR DE R$ 54.009,36, O RESTANTE DEVERÁ SER PAGO À VISTA) (Proc. 0001923-16.2001.4.02.5115; 0000920-89.2002.4.02.5115; 0000005-35.2005.4.02.5115)(R$ 1.245.000,00) TERESOPOLIS/RJ"
Leilões Judiciais,Residencial,"R$ 258.054,68",http://www.rioleiloes.com.br/externo/lote/detalhes/2497324,"Prédio residencial e respectivo terreno, situado na Estrada Rincão da Vovô, no. 151, antiga estrada Alpina, Posse, na cidade de Teresópolis/RJ, constituído de prédio residencial com sala, quarto de vestir, banheiro, área de serviço, wc, cozinha, varanda e pilotis, e, ainda, casa de caseiro com sala, dois quartos, cozinha, dois banheiros, deposito e varanda, e o terreno é designado por Lote no 02, desmembrado da área RM/3 (parte restante), medindo 89,63 metros de frente para a Estrada Rincão da Vovô, antiga Estrada Alpina; 80,24 metros nos fundos, divisa com o lote no. 01; 92,76 metros do lado direito, divisa com o lote no. 01, e, do lado esquerdo, em dois seguimentos, sendo o primeiro de 85,97 metros e o segundo de 40,82 metros, ambos fazendo divisa com José Pinto da Cruz, tendo a área de 8.394,00m2 (oito mil, trezentos e noventa e quatro metros quadrados). Benfeitorias: Conforme descrito na matrícula, constam duas edificações, uma com aproximadamente 45,00m2 (quarenta e cinco metros e a principal com aproximadamente 200,00m2 (duzentos metros quadrados), ambas com aproximadamente 40 anos de idade, necessitado de reparos como substituição de piso, nova pintura, manutenção do telhado e parte elétrica com fio aparente. Imóvel matriculado sob no 7.986 no Cartório de Registro de Imóveis 3o Ofício da Comarca de Teresópolis/RJ. (PARCELAMENTO DA ARREMATAÇÃO PELA FN ATÉ O VALOR DE R$ 639.021,92, O RESTANTE DEVERÁ SER PAGO À VISTA) (Proc. 0000522-79.2001.4.02.5115) (R$ 516.109,36) TERESOPOLIS/RJ"
Leilões Judiciais,Apartamento,"R$ 242.339,42",http://www.rioleiloes.com.br/externo/lote/detalhes/2497330,"Parte pertencente ao executado Michael Souleyman Al Odeh, da fração ideal de 0,02126 correspondente ao apartamento no. 701, com direito a uma vaga de garagem, do Condomínio do Edifício Green Hill, situado à Rua José Elias Zaquem, no. 1053, Agriões, na cidade de Teresópolis/RJ, contendo dois quartos, sala, banheiro, cozinha e área de serviço e uma vaga de garagem, com aproximadamente 66,60m2 (sessenta e seis metros e sessenta centímetros quadrados), do terreno denominado de área “C” resultante do desmembramento da área remanescente doremembramento e desmembramento do prédio e respectivo terreno situado na Rua José Elias Zaquem no. 1033, parte dos lotes 06, 07 e 05, Agriões, na cidade de Teresópolis/RJ, com as seguintes medidas e confrontações: 20,00 metros de frente; 19,20 metros nos fundos com divisa com Sérgio Dantas e outros; 51,62 metros do lado direito em divisa com a área “B” e 48,10 metros do lado esquerdo em divisa com José Berman ou sucessores, com a área de 971,05m2 (novecentos e setenta e um metros e cinco centímetros quadrados). Imóvel matriculados sob o no. 10.553 no Cartório de Registro de Imóveis do 3o Ofício da Comarca de Teresópolis/RJ. (PARCELAMENTO DA ARREMATAÇÃO PELA FN ATÉ O VALOR DE R$ 29.339.188,53, O RESTANTE DEVERÁ SER PAGO À VISTA) (Proc. 0000353-09.2012.4.02.5115) (R$ 484.678,85) TERESOPOLIS/RJ"
Leilões Judiciais,Residencial,"R$ 389.366,58",http://www.rioleiloes.com.br/externo/lote/detalhes/2497323,"Prédio residencial e respectivo terreno, situado na Estrada Rincão da Vovô, no. 151, antiga estrada Alpina, Posse, na cidade de Teresópolis/RJ, constituído de prédio residencial com sala, quarto de vestir, banheiro, área de serviço, wc, cozinha, varanda e pilotis, e, ainda, casa de caseiro com sala, dois quartos, cozinha, dois banheiros, deposito e varanda, e o terreno é designado por Lote no 02, desmembrado da área RM/3 (parte restante), medindo 89,63 metros de frente para a Estrada Rincão da Vovô, antiga Estrada Alpina; 80,24 metros nos fundos, divisa com o lote no. 01; 92,76 metros do lado direito, divisa com o lote no. 01, e, do lado esquerdo, em dois seguimentos, sendo o primeiro de 85,97 metros e o segundo de 40,82 metros, ambos fazendo divisa com José Pinto da Cruz, tendo a área de 8.394,00m2 (oito mil, trezentos e noventa e quatro metros quadrados). Benfeitorias: Conforme descrito na matrícula, constam duas edificações, uma com aproximadamente 45,00m2 (quarenta e cinco metros e a principal com aproximadamente 200,00m2 (duzentos metros quadrados), ambas com aproximadamente 40 anos de idade, necessitado de reparos como substituição de piso, nova pintura, manutenção do telhado e parte elétrica com fio aparente. Imóvel matriculado sob no 7.986 no Cartório de Registro de Imóveis 3o Ofício da Comarca de Teresópolis/RJ; Imóvel constituído pelo Lote no 1-A, desmembrado do Lote no. 01, o qual por sua vez, foi desmembrado da área RM/3 (parte restante), na Posse, na cidade de Teresópolis/RJ, medindo 70,20 metros de frente para a estrada Alpina; lado direito, em dois segmentos de 72,41 metros, na divisa com o lote no. 03, e o segundo de 5,08 metros, fazendo divisa com uma estrada particular, do lado esquerdo mede 66,65 metros, fazendo divisa com o lote no. 01 (remanescente), e nos fundos, mede 80,24 metros, e divisa com o lote no. 02, com área de 5.267,00m2 (cinco mil, duzentos e sessenta e sete metros quadrados). Imóvel matriculado sob no 7.984 no Cartório de Registro de Imóveis do 3o Ofício da Comarca de Teresópolis/RJ; Imóvel com área de 440,00m2 (quatrocentos e quarenta metros quadrados), desmembrado da área RM/3 (parte restante), situada na posse, 1o Distrito de Teresópolis/RJ, começando na estrada Alpina e terminando na divisa com o lote no. 01, fazendo divisa do lado direito com José Pinto da Cruz e Gerard Dorrer e do lado esquerdo, fazendo divisa com o lote no. 03, tendo a largura de 5,00 metros, área essa que compreende uma estrada particular que servira os lotes no. 01 e 03. Imóvel matriculado sob no 7.655 no Cartório de Registro de Imóveis 3o Ofício da Comarca de Teresópolis/RJ; Área desmembrada II, do Lote no 03, desmembrado da parte restante da área RM/3, situada na posse, 1o Distrito do Município de Teresópolis/RJ, terreno de forma triangular com 20,00 metros de frente sobre a Estrada Particular; 28,00 metros nos fundos em divisa com o lote no. 01, tendo a área de 163,00m2 (cento e sessenta e três metros quadrados). Imóvel matriculado sob no 19.488 no Cartório de Registro de Imóveis 3 o Ofício da Comarca de Teresópolis/RJ . (Unificação dos lotes 02 ao 05) (PARCELAMENTO DA ARREMATAÇÃO PELA FN ATÉ O VALOR DE R$ 639.021,92, O RESTANTE DEVERÁ SER PAGO À VISTA) (Proc. 0000522-79.2001.4.02.5115) (R$ 778.733,16) TERESOPOLIS/RJ"
Leilões Judiciais,Apartamento,"R$ 680.000,00",http://www.rioleiloes.com.br/externo/lote/detalhes/2495258,"Apartamento 501 e vaga de garagem, Ed. Antônio Parreiras, R. Tiradentes, 48, Ingá, 2º CRI 9.136. (PARCELÁVEL) (Proc. 0001200-35.2003.5.01.0244) (R$ 680.000,00) NITEROI/RJ"
Leilões Judiciais,Casa,"R$ 5.000.000,00",http://www.rioleiloes.com.br/externo/lote/detalhes/2495257,"Casa 105, lote 04, quadra II do P.A 33.273, Av. Assis Chateaubriand, 251, 9º CRI 9.960. (PARCELÁVEL) (Proc. 0411200-39.1997.5.01.0244) (R$ 5.000.000,00)"
Zukerman,Chácara,"R$ 4.500.000,00",https://www.zukerman.com.br/chacara-parque-aurora-campos-dos-goytacazes-rj-22357-156604,"Endereço do Imóvel: AREA RURAL, S/N, AREA RURAL DE CAMPOS DOS GOYTACAZES, CAMPOS DOS GOYTACAZES, RJ, 28099-899   Chácara/Sítio, Desocupado, 60500.00 M² de área de terreno. Matrícula nº 4070, 12º CRI DE CAMPOS DOS GOYTACAZES. Imóvel Rural com frente para a Estrada de Servidão, acesso através da Rua Antônio Alves Poubel, próximo ao imóvel há loteamentos de condomínio fechado de padrão elevado tal como Dahma I e II, Athenas ( Cond. Rural). Como ponto de referência, podemos citar.Venda Condicional (valor de venda sob aprovação do vendedor)"
Zukerman,Galpão,"R$ 7.290.000,00",https://www.zukerman.com.br/galpao-imboassica-macae-rj-22357-156646,"Endereço do Imóvel: AVENIDA MEM DE SA, 949, LOTE 093, IMBOASSICA, MACAE, RJ, 27925-545   Galpão, IMBOASSICA, Desocupado, 66666.00 M² de área de terreno, 4472.41 M² de área construída, 4472.00 M² de área útil. Matrícula nº 31579, 2º CRI DE MACAÉ, Inscrição Prefeitura 161333930001. IPTU anual R$ 243.707,00. REGIÃO COM VOCAÇÃO EMPRESARIAL, VOLTADA PARA PERFIL PETROLEIRO, DESTACANDO A PROXIMIDADE DA REFINARIA PETROBRÁS.Venda Condicional (valor de venda sob aprovação do vendedor)"
Zukerman,Comercial,"R$ 62.678,00",https://www.zukerman.com.br/sala-comercial-jardim-imperial-itaborai-rj-22608-157431,"Endereço do Imóvel: AVENIDA VINTE E DOIS DE MAIO, 6453, SALA COMERCIAL Nº 813, 01 VAGA, CONDOMÍNIO COMERCIAL VAN GOGH CORPORATE, JARDIM IMPERIAL, ITABORAI, RJ, 24800-258   Sala, JARDIM IMPERIAL, Desocupado, contendo 1 vaga(s) de garagem, 20.45 M² de área útil, 20.00 M² de área privativa, 26.00 M² de área comum, 46.00 M² de área total. Matrícula nº 42886, 2º CRI DE ITABORAÍ, Inscrição Prefeitura 184.037-001. Valor de condomínio mensal R$ 311,69. IMÓVEL COMERCIAL, COM TODOS OS MELHORAMENTOS PUBLICOS E COMÉRCIO LOCAL, PRÓXIMO A POSTOS DE GASOLINA E SUPERMERCADOS."
Zukerman,Apartamento,"R$ 168.869,00",https://www.zukerman.com.br/apartamento-cidade-nova-iguaba-grande-rj-22587-157335,"Apartamento 404, fração ideal de 1/26, no Edifício Solar das Rosas, em Iguaba Grande/RJ. Com direito a uma vaga de garagem. Inscrição: 024290-001"
Zukerman,Galpão,"R$ 9.990.000,00",https://www.zukerman.com.br/galpao-santa-barbara-niteroi-rj-22357-156601,"Endereço do Imóvel: RODOVIA AMARAL PEIXOTO, 3.001 /3.674 , SANTA BARBARA, NITEROI, RJ, 24141-365   Galpão, SANTA BARBARA, Desocupado, 11206.00 M² de área de terreno, 11206.00 M² de área construída, 4295.00 M² de área privativa. Matrícula nº 24777 / 24778, 14º CRI DE NITERÓI, Inscrição Prefeitura 0823914. IPTU anual R$ 100,00."
Zukerman,Não Identificado,"R$ 960.000,00",https://www.zukerman.com.br/sala-comercial-barra-da-tijuca-rio-de-janeiro-rj-22357-156603,"Endereço do Imóvel: AVENIDA EMBAIXADOR ABELARDO BUENO, 1111, SALA Nº 207, BLOCO 2, CONDOMÍNIO SELETTO BUSSINES, BARRA DA TIJUCA, RIO DE JANEIRO, RJ, 22775-039   Sala, BARRA DA TIJUCA, Desocupado, contendo 5 vaga(s) de garagem, 107.00 M² de área útil, 107.00 M² de área privativa, 107.00 M² de área total. Matrícula nº 375139, 9º CRI DO RIO DE JANEIRO, Inscrição Prefeitura 3.244.549-6. IPTU anual R$ 10.874,00, valor de condomínio mensal R$ 5.895,00. DISTRIBUIÇÃO INTERNA: UM ESCRITÓRIO E BANHEIRO. COM DIREITO A CINCO VAGAS DE GARAGEM COBERTAS SITUADAS INDISTINTAMENTE NO 1º OU 2º SUBSOLOS, CONFORME MATRÍCULA. 0.Venda Condicional (valor de venda sob aprovação do vendedor)"
Zukerman,Residencial,"R$ 78.259,50",https://www.zukerman.com.br/terreno-c-benfeitorias-jardim-nova-marilia-mage-rj-22587-157324,"Lote de terreno, nº 12, quadra nº 47, do loteamento Jardim Nova Marília, zona urbana do 1º distrito de Magé/RJ, com área de 5.250m², na qual fora construído prédio residencial, na rua 09, nº 511, Jardim Nova Marília., com 67,20m² de área construída. Inscrito no PMM nº 13552/P/1.Matrícula considerada em zona urbana, com infraestrutura urbana de iluminação, coleta de lixo, rede de telefonia, acesso pela Rua 9, parte pavimentada parte não."
Zukerman,Fazenda,"R$ 3.590.000,00",https://www.zukerman.com.br/galpao-lagomar-macae-rj-22357-156633,"Endereço do Imóvel: AVENIDA DOS BANDEIRANTES, S/N, LAGOMAR, MACAE, RJ, 27966-540   Galpão, LAGOMAR, Ocupado, 6400.00 M² de área de terreno, 1528.87 M² de área construída. Matrícula nº 1136, 3º CRI DE MACAÉ, Inscrição Prefeitura 02.2.004.0120.0001. IPTU anual R$ 8.123,00. O CONDOMÍNIO RESIDENCIAL ENCONTRO DAS ÁGUAS FAZENDA POSSUI ALTO PADRÃO COM TOTAL INFRAESTRUTURA: LAGOS PARA PESCA E ESPORTES NÁUTICOS, ESPAÇO HÍPICO COM PISTA DE TREINAMENTO, MINI FAZENDA, PISTA DE CAMINHADA, QUADRAS DE TÊNIS, QUADRA DE FUTEBOL, PISCINA, SAUNA, ACADEMIA, SALÃO DE JOGOS, ESPAÇO GOURMET, INTERNET VIA RÁDIO, LOJA DE CONVENIÊNCIA, PORTARIA 24 HORAS, RONDA MOTORIZADA, SISTEMA DE CÂMERA DE SEGURANÇA E HELIPONTO. 0.Venda Condicional (valor de venda sob aprovação do vendedor)"
Zukerman,Apartamento,"R$ 1.241.625,00",https://www.zukerman.com.br/apartamento-barra-da-tijuca-rio-de-janeiro-rj-22608-157418,"Endereço do Imóvel: RUA BRASILIA, 94, APTO 202, CONDOMÍNIO EDIFÍCIO VILLA LOBOS , BARRA DA TIJUCA, RIO DE JANEIRO, RJ, 22620-390   Apartamento, BARRA DA TIJUCA, Ocupado, contendo 3 vaga(s) de garagem, 219.00 M² de área útil, 219.00 M² de área privativa, 219.00 M² de área total. Matrícula nº 159485, 9º CRI DO RIO DE JANEIRO, Inscrição Prefeitura 18446971. IPTU anual R$ 6.069,00, valor de condomínio mensal R$ 1.930,00, valor avaliado R$2.150.000,00.Venda Condicional (valor de venda sob aprovação do vendedor)"
Zukerman,Residencial,"R$ 372.521,09",https://www.zukerman.com.br/casa-flamengo-marica-rj-22587-157353,"Unidade 17, da quadra G, do Condomínio Bervely Hills, situado no 1º distrito de Maricá/RJ, medindo 12,00m de frente para o Acesso C; 30,00m pelo lado direito limítrofe com a unidade 16; 30,00m pelos fundos, 12,00m para unidade 27, com a área privativa de 360,00m², área comum de 0,0076 e fração ideal de 0,003187. Conforme habite-se nº 938/07 - Processo nº 20881/07 - No imóvel foi construído uma casa residencial, que com acréscimo, passou a ter 01 sala de estar e jantar, 01 suíte, 01 quarto, 01 cozinha, 01 banheiro social, 01 área de serviço, 01 varanda, 01 escritório, 01 churrasqueira, 01 banheiro e 01 piscina; perfazendo área total construída de 156,57m²(Av.03). Condomínio possui infraestrutura de iluminação pública e pavimentação das vias."
Zukerman,Residencial,"R$ 238.559,91",https://www.zukerman.com.br/casa-engenho-itaguai-rj-22587-157318,"Casa residencial, lote de terreno número 23 com área de 334m². Imóvel localizado em zona urbana, com infraestrutura urbana de iluminação, coleta de lixo, rede de telefonia, rede de abastecimento de água e esgoto sanitário"
Zukerman,Apartamento,"R$ 946.200,00",https://www.zukerman.com.br/apartamento-icarai-niteroi-rj-22587-157354,"Apartamento residencial nº 203, do Edifício à Av. Jornalista Alberto Francisco Torres, nº 395, no 3º Subdistrito do 1º Distrito do Município de Niterói/RJ, dividido em vários cômodos, correspondente à fração ideal de 155,17 /623.257 do respectivo terreno, parte de marinha e parte alodial, correspondente ao lote nº 2532 do terreno de marinha, que por sua vez mede 322,57m². Inscrição cadastral na PM sob nº 127.621-1. Imóvel em nome de Luiz Paulo de Sequeira Junior e sua esposa Maria Clara Ribeiro Braga de Lima de Sequeira e em fase de registro da Dação em Pagamento para a titularidade da Novaportfolio Participações S/A."
Zukerman,Galpão,"R$ 8.600.000,00",https://www.zukerman.com.br/galpao-campinho-rio-de-janeiro-rj-22357-156598,"Endereço do Imóvel: RUA CANDIDO BENICIO, 200, CAMPINHO, RIO DE JANEIRO, RJ, 21320-060   Galpão, CAMPINHO, Desocupado, 5097.00 M² de área de terreno, 3075.00 M² de área construída. Matrícula nº 344069, 9º CRI DO RIO DE JANEIRO."
Leilão VIP,Não Identificado,"R$ 277.200,00",https://www.leilaovip.com.br/lote/imovel-apartamento-recreio-dos-bandeirantes-jacarepagua-rio-de-janeiro-rio-de-janeiro-484777,"Ap. 807 com área edificada de 67,00m² (lançada no IPTU) e fração ideal de 10/1870.  Matrícula nº 392.663 do 9° CRI do Rio de Janeiro-RJ.  Obs.: Desocupado.  Lance Mínimo: R$ 277.200,00"
Leilão VIP,Residencial,"R$ 1.288.617,15",https://www.leilaovip.com.br/lote/imovel-apartamento-itacuruca-mangaratiba-rio-de-janeiro-488403,"Ap. 604 (Cobertura Duplex), Bloco 2, Ed. Estoril do Cond. Rio Marina Resort Residencial. Área constr. estimada 122,22m² (IPTU), com direito a 2 vagas de garagem e fração ideal de 0,002702750.  Matr.: 499 do RI local.  Obs.: Averbação no RI, da atual denominação do logradouro, bem como a regularização e encargos junto aos órgãos competentes de eventual divergência da área constr. verificada no local com a mencionada no IPTU e sua averbação no RI, correrão por conta do comprador. O Vendedor providenciará, sem prazo determinado, a baixa da indisponibilidade constante do R-5 da citada matrícula. Consta ainda Servidão de Passagem para Circulação de Pedestres. Ocupado.  VALOR ESTÁ 37% ABAIXO NA 2ª PRAÇA."
Leilão VIP,Residencial,"R$ 210.400,00",https://www.leilaovip.com.br/lote/imovel-casa-setor-cachoeiras-de-macacu-rio-de-janeiro-485077,"CASA - IMÓVEL OCUPADO Área Construída: 100,86m². Área de Terreno: 271,40m². Lote nº 02 da Quadra 03, do Condomínio Residencial e Comercial Bosque do Rancho, de frente à Rua 70, Vila de Japuíba.  Matr.: 7.536 do 2º CRI local. Obs.: Eventual regularização de divergência das áreas entre a real construída, a cadastrada na prefeitura e a cadastrada na matrícula, além do cadastro do imóvel perante ao Fundo Especial do Corpo de Bombeiros - FUNESBOM, assumindo providências, seus custos e eventuais tributos cobrados retroativamente pelo órgão, ficarão a cargo do arrematante. Em virtude da ocupação, não foi possível obter a distribuição interna da unidade, cabendo ao arrematante esta averiguação, isentando o vendedor de qualquer responsabilidade. Lance Mínimo: R$ 210.400,00"
Leilão VIP,Não Identificado,"R$ 627.839,76",https://www.leilaovip.com.br/lote/imovel-apartamento-rio-comprido-rio-de-janeiro-rio-de-janeiro-483822,"Ap. 111, Bloco 1, com direito a uma vaga de garagem, coberta ou descoberta, de uso indistinto no estacionamento Setor “A” dos pavimentos G2 ou G3. Área privativa estimada 75,72m².  Matr. 135.128 do 11º RI local.  Obs.: Regularização e encargos junto aos órgãos competentes, de eventual diferença de área encontrada no local com a constante do IPTU, correrão por conta do comprador. Ocupado. (AF) VALOR ESTÁ 27% ABAIXO NA 2ª PRAÇA."
Leilão VIP,Terreno,"R$ 3.489.480,00",https://www.leilaovip.com.br/lote/imovel-terreno-recreio-dos-bandeirantes-rio-de-janeiro-rio-de-janeiro-484739,"Terreno c/ área total estimada de 5.290,85m². (Freguesia de Jacarepaguá ) Matr. 402.012 do 9º RI local.  Obs.: Constam na citada matrícula, Av 1 - Obrigações e Av. 2 - Memorial de Loteamento, regularização e encargos perante os órgãos competentes, bem como de eventual divergência de área, correrão por conta do comprador. Eventual desocupação por conta do comprador. Lance Mínimo: R$ 3.489.480,00"
Leilão VIP,Não Identificado,"R$ 95.580,00",https://www.leilaovip.com.br/lote/imovel-sala-comercial-recreio-dos-bandeirantes-rio-de-janeiro-rio-de-janeiro-484775,"Sala 414, com a área privativa de 31,00m².  Matr. 373.035 do 9º RI local.  Obs.: Eventuais débitos em aberto, sejam eles de qualquer natureza, vencidos ou a vencer, até a data do leilão, caberão ao comprador sua respectiva apuração e quitação. Ocupado. (AF). Lance Mínimo: R$ 95.580,00"
Leilão VIP,Não Identificado,"R$ 588.932,55",https://www.leilaovip.com.br/lote/imovel-apartamento-taquara-rio-de-janeiro-rio-de-janeiro-488345,"Ap. 712, Bloco 10, (no local consta Cond. Ed Cabo Frio - Mirante da Taquara). Área priv. estimada 58,00m².  Matr. 139.762 do 9º RI local.  Obs.: Ocupado. (AF) VALOR ESTÁ 85% ABAIXO NA 2ª PRAÇA."
Leilão VIP,Apartamento,"R$ 141.700,00",https://www.leilaovip.com.br/lote/imovel-apartamento-gloria-macae-rio-de-janeiro-485177,"APTO N° 203, BLOCO 02, C/ 01 VAGA - IMÓVEL DESOCUPADO Área privativa: 49,32m². Área total: 56,78m². Edifício Residencial Spazio Mistral Matr. 37.069 do 2º CRI local. Lance Mínimo: R$ 141.700,00"
Zukerman,Não Identificado,"R$ 82.390,00",https://www.zukerman.com.br/sala-comercial-centro-rio-de-janeiro-rj-22608-157420,"Endereço do Imóvel: AVENIDA RIO BRANCO, 156, SALA 1901 - CONDOMÍNIO DO EDIFÍCIO AVENIDA CENTRAL, CENTRO, RIO DE JANEIRO, RJ, 20040-901   Sala, CENTRO, Desocupado, 37.00 M² de área útil, 62.00 M² de área total. Matrícula nº 40005, 7º CRI DO RIO DE JANEIRO, Inscrição Prefeitura 0349971-2. IPTU anual R$ 2.087,00, valor de condomínio mensal R$ 1.700,00. Localizado no Edíficio Avenida Central, próximo ao aeroporto Santos Dumont, Teatro Municipal, Museu da Justiça, Consulado dos EUA, Ibmec RJ e diversos comércios e pontos turísticos e culturais.Venda Condicional (valor de venda sob aprovação do vendedor)"
Zukerman,Residencial,"R$ 137.445,00",https://www.zukerman.com.br/sala-comercial-barra-da-tijuca-rio-de-janeiro-rj-22608-157429,"Endereço do Imóvel: AVENIDA AYRTON SENNA, 2600, SALA 228, BLOCO 3B, CONDOMÍNIO LINK OFFICE, MALL & STAY, BARRA DA TIJUCA, RIO DE JANEIRO, RJ, 22775-003   Sala, BARRA DA TIJUCA, Desocupado, 32.00 M² de área útil, 32.00 M² de área privativa, 32.00 M² de área total. Matrícula nº 383619, 9º CRI DO RIO DE JANEIRO, Inscrição Prefeitura 3.239.053-6. IPTU anual R$ 2.619,00, valor de condomínio mensal R$ 482,50. BAIRRO RESIDENCIAL COM TODOS OS MELHORAMENTOS PÚBLICOS E COMÉRCIO LOCAL, SENDO PRÓXIMO AO AEROPORTO DE JACAREPAGUÁ, COM DIREITO AO USO DE UMA VAGA DE GARAGEM COBERTA OU DESCOBERTA, SITUADA INDISTINTAMENTE NO SUBSOLO OU NO PAVIMENTO DE ACESSO, CONFORME MATRÍCULA. .Venda Condicional (valor de venda sob aprovação do vendedor)"
Zukerman,Residencial,"R$ 297.499,08",https://www.zukerman.com.br/casa-serra-grande-niteroi-rj-22587-157323,"Prédio residencial nº 509, da Avenida Um - atual Avenida General Atratino Cortês Coutinho, edificado no lote de terreno nº 11, da quadra 105, do loteamento denominado Soter, no 2º distrito do Município de Niterói, Estado do Rio de Janeiro.  Lote medindo: 15m de largura na frente para a Avenida Um; 8m de largura nos fundos para a Reserva Florestal; por 41m do lado direito para o lote 10 e 48m do lado esquerdo para o lote nº12, com área total de 500m². Inscrito na Prefeitura sob o nº 085.056-0"
Zukerman,Rural,"R$ 5.000.000,00",https://www.zukerman.com.br/terreno-boa-vista-parati-rj-14788-126309,"Terreno rural constituído por sete áreas localizadas na região da Boa Vista, da cidade de Paraty, Estado do Rio de Janeiro. Área total: 242,7697 hectares. Matrículas ns. 945, 946, 949, 951, 952, 953 e 2705, todas do CRI local."
Zukerman,Não Identificado,"R$ 55.440,00",https://www.zukerman.com.br/sala-comercial-cascadura-rio-de-janeiro-rj-22608-157422,"Endereço do Imóvel: RUA BRASILINA, 15, SALA 612, CASCADURA, RIO DE JANEIRO, RJ, 21350-060   Sala, CASCADURA, Desocupado, contendo 1 banheiro(s), 21.00 M² de área útil, 1209.00 M² de área total. Matrícula nº 113102, 6º CRI DO RIO DE JANEIRO, Inscrição Prefeitura 32442600. IPTU anual R$ 439,00, valor de condomínio mensal R$ 301,00.Venda Condicional (valor de venda sob aprovação do vendedor)"
Zukerman,Apartamento,"R$ 178.640,00",https://www.zukerman.com.br/apartamento-anil-rio-de-janeiro-rj-22608-157426,"Endereço do Imóvel: ESTRADA DO ENGENHO DAGUA, 1401, APTO 601, BLOCO 3, CONDOMÍNIO UP BARRA MAIS, ANIL, RIO DE JANEIRO, RJ, 22765-240   Apartamento, ANIL, Ocupado, contendo 1 dormitório(s), 1 banheiro(s), 56.00 M² de área útil, 56.00 M² de área privativa. Matrícula nº 431747, 9º CRI RIO DE JANEIRO, Inscrição Prefeitura 3367595-0. IPTU anual R$ 1.200,00, valor de condomínio mensal R$ 490,24, valor avaliado R$290.000,00."
Zukerman,Não Identificado,"R$ 57.750,00",https://www.zukerman.com.br/sala-comercial-cascadura-rio-de-janeiro-rj-22608-157421,"Endereço do Imóvel: RUA BRASILINA, 15, SALA 613 - CONDOMÍNIO PRIME CENTER CASCADURA, CASCADURA, RIO DE JANEIRO, RJ, 21350-060   Sala, CASCADURA, Desocupado, 26.00 M² de área útil, 26.00 M² de área privativa, 26.00 M² de área total. Matrícula nº 113103, 6º CRI DO RIO DE JANEIRO, Inscrição Prefeitura 32442618. IPTU anual R$ 631,00, valor de condomínio mensal R$ 314,00. Localizado no Prime Center Cascadura, próximo a colégios, Hospital Norte D´Or, Supermercado Vianense, Atacadão Quintino, Madureira Shopping e Mercadão de Madureira.Venda Condicional (valor de venda sob aprovação do vendedor)"
